
# PRODUCTS SEEDER
INSERT INTO `products` (`id`, `name`, `size`, `price_in_cents`, `in_store_count`)
VALUES
(1, '14 HANDS HOT TO TROT  SMOOTH RED WINE', '750ML', 12.99, 43),
(2, '14 HANDS MERLOT 750ML', '750ML', 14.99, 20),
(3, '14 HANDS RED BLEND 750ML', '750ML', 13.99, 6),
(4, '1800 COCONUT TEQ 750ML', '750ML', 26.99, 32),
(5, '1800 COCONUT TEQUILA 1.75ML', '1.75L', 51.49, 5),
(6, '1800 JALAPENO LIME READY 1.75ML', '1.75L', 22.99, 3),
(7, '1800 Mango Margarita 1.75', '1.75L', 22.99, 0),
(8, '1800 MARG ULT POMEG MIX 1.0L', '1.0L', 4.79, 5),
(9, '1800 MARGARITA MIX 1.0L', '1.0L', 5.99, 12),
(10, '1800 MARGARITA MIX 1.75L', '1.75L', 7.99, 6),
(11, '1800 MARGARITA ORANGE RTD 1.75L', '1.75L', 22.99, 4),
(12, '1800 MARGARITA PEACH RTD 1.75L', '1.75L', 22.99, 1),
(13, '1800 MARGARITA PINEA RTD 1.75L', '1.75L', 22.99, 1),
(14, '1800 MARGARITA POMG RTD 1.75L', '1.75L', 18, 4),
(15, '1800 MARGARITA ULT MIX 1.0L', '1.0L', 4.79, 12),
(16, '1800 RASEBERRY MARGARITA 1.75', '1.75L', 22.99, 1),
(17, '1800 REPOSADO 1.75L', '1.75L', 58.99, 7),
(18, '1800 REPOSADO 375ML', '375ML', 18.99, 3),
(19, '1800 REPOSADO 750ML', '750ML', 26.99, 26),
(20, '1800 REPOSADO TEQUILA CHOCOLATES', 'EACH', 14.99, 0),
(21, '1800 SILVER GIFT SET 750ML', '750ML', 28.99, 0),
(22, '1800 SILVER TEQUILA 1.75L', '1.75L', 45.99, 9),
(23, '1800 SILVER TEQUILA 375ML', '375ML', 17.49, 40),
(24, '1800 SILVER TEQUILA 750 ML', '750ML', 28.99, 41),
(25, '1800 WAT MARG RTD 1.75L', '1.75L', 22.99, 9),
(26, '1835 BOURBON 750ml', '750ML', 0, 12),
(27, '1876 TEXAS BOURBON 750ML', '750ML', 34.49, 6),
(28, '1876 VODKA 750ML', '750ML', 15.99, 12),
(29, '19 CRIMES HARD CHARD 750ML', '750ML', 12.99, 11),
(30, '19 CRIMES RED WINE 4 PACK', '4 PK 12 OZ BTL', 13.99, 10),
(31, '19 CRIMES RED WINE BLND 750', '750ML', 11.99, 17),
(32, '19 CRIMES SYRAH WINE 750ML', '750ML', 12.99, 3),
(33, '19 CRIMESCAB WINE 750ML', '750ML', 12.99, 46),
(34, '19 CRIMESHARD CHARD 4 PACK', '4PK', 13.99, 6),
(35, '1965 FLASK TEQUILA 200ML', '200ML', 12.49, 2),
(36, '1965 FLASK VODKA 200ML', '200ML', 12.49, 7),
(37, '1965 FLASK WHISKEY 200ML', '200ML', 12.49, 7),
(38, '2 GINGERS IRISH WHISKEY 750ML', '750ML', 21.99, 38),
(39, '2 RED BULL 8 0Z DEAL', '8OZ', 4.99, 0),
(40, '2/$1 HONEY ROASTED PEANUTS', 'EACH', 0.59, 0),
(41, '360 VODKA 1.0L', '1.0L', 25.99, 0),
(42, '360 VODKA 1.75L', '1.75L', 39.99, 0),
(43, '360 VODKA 375ML', '375ML', 11.99, 0),
(44, '360 VODKA 50ML', '50ML', 1.79, 0),
(45, '360 VODKA 750ML', '750ML', 14.99, 0),
(46, '360 VODKA CHERRY 750ML', '750ML', 14.99, 0),
(47, '360 VODKA DBL CHOC 750ML', '750ML', 13.99, 0),
(48, '360 VODKA GFT 750ML', '750ML', 21.99, 0),
(49, '360 VODKA LEMON 750ML', '750ML', 13.99, 0),
(50, '360 VODKA ORANGE 750ML', '750ML', 13.99, 8),
(51, '360 VODKA PEACH 750ML', '750ML', 13.99, 11),
(52, '360 VODKA RASP 750ML', '750ML', 22.99, 0),
(53, '360 VODKA VANILLA 750ML', '750ML', 13.99, 3),
(54, '5 PEPPER BLOODY PEPPER 1 L', '1.0L', 5.99, 13),
(55, '7UP 12 PK 12 OZ CAN', '12 PK 12 OZ CAN', 5.99, 3),
(56, '7UP 2.0L', '2.0L', 2.59, 1),
(57, '99 PEANUT BUTTER WHISKEY 50ML', '50ML', 0.99, 136),
(58, '99 Root beer VODKA 50ML', '50ML', 0.99, 80),
(59, '99 VODKA 50ML', '50ML', 0.99, 23),
(60, 'ABSENTE 110 PROOF  GIFT SET 750ML', '750ML', 39.99, 7),
(61, 'ABSOLUT APPLE JUICE 375', '375ML', 12.49, 3),
(62, 'ABSOLUT BLACK 750ML', '750ML', 29.99, 0),
(63, 'ABSOLUT BLUE 1.0L', '1.0L', 36.99, 0),
(64, 'ABSOLUT BLUE 1.75L', '1.75L', 36.49, 16),
(65, 'ABSOLUT BLUE 375ML', '375ML', 15.99, 4),
(66, 'ABSOLUT BLUE 750ML', '750ML', 23.99, 18),
(67, 'ABSOLUT CITRON 375ML', '375ML', 15.99, 1),
(68, 'ABSOLUT CITRON 750ML', '750ML', 23.99, 8),
(69, 'ABSOLUT JUICE 750ML', '750ML', 22.49, 10),
(70, 'ABSOLUT JUICE STRAWVBERRY 750ML', '750ML', 22.49, 2),
(71, 'ABSOLUT LIME 375 ML', '375ML', 15.99, 6),
(72, 'ABSOLUT LIME 750ML', '750ML', 23.99, 17),
(73, 'ABSOLUT MANDRIN 750ML', '750ML', 23.99, 12),
(74, 'ABSOLUT STRAWBERRY JUICE 375', '375ML', 12.49, 1),
(75, 'ADM NELSON RUM CHERRY SPCD 50ML', '50ML', 0.99, 0),
(76, 'ADM NELSON RUM SPCD 50ML', '50ML', 0.99, 12),
(77, 'ADM NELSON SPICD 70 RUM 1.75ML', '1.75L', 19.99, 11),
(78, 'ADM NELSON SPICED 101RUM 750ML', '750ML', 14.99, 0),
(79, 'ADM NELSON SPICED 70 RUM 750ML', '750ML', 11.99, 0),
(80, 'ADM NELSON VANILLA RUM 1.75L', '1.75L', 15.99, 0),
(81, 'ADM NELSON VANILLA RUM 750ML', '750ML', 11.49, 10),
(82, 'ADMIRAL NELSON\'S BUCKET OF RUM 12-50ML', '50ML', 9.49, 9),
(83, 'AGAVALES ANEJO TEQUILA 750ML', '750ML', 29.99, 8),
(84, 'AGAVALES GOLD 110 PF TEQ 1.0L', '1.0L', 18.49, 0),
(85, 'AGAVALES GOLD TEQ 1.75L', '1.75L', 29.49, 0),
(86, 'AGAVALES GOLD TEQ 50ML', '50ML', 2.49, 0),
(87, 'AGAVALES GOLD TEQ 750ML', '750ML', 13.99, 9),
(88, 'AGAVALES PLATA TEQUILA 750ML', '750ML', 23.49, 1),
(89, 'AGAVALES REPOSADO TEQ 750ML', '750ML', 17.99, 0),
(90, 'AGAVALES SANGRITA 1L', '1.0L', 6.99, 1),
(91, 'AGAVALES SILVER TEQ 1.75L', '1.75L', 29.49, 8),
(92, 'AGAVALES SILVER TEQ 750ML', '750ML', 13.99, 19),
(93, 'AGAVERO ORANGE LIQUEUR 750ML', '750ML', 24.99, 3),
(94, 'ALAMO VODKA 750ML', '750ML', 15.49, 11),
(95, 'ALAMOS MALBEC WINE 750', '750ML', 12.49, 13),
(96, 'ALLEGRO WHITE MOSCATO 750ML', '750ML', 10.49, 10),
(97, 'ANDRE CALI SPUMANTE 750ML', '750ML', 6.99, 1),
(98, 'ANDRE CHAMP BLUSH 750ML', '750ML', 6.99, 4),
(99, 'ANDRE CHAMP PINK MOSCATO 750ML', '750ML', 5.99, 0),
(100, 'ANDRE CHAMP XTRA DRY 750ML', '750ML', 6.99, 11),
(101, 'ANGEL ENVY RYE 750ML', '750ML', 97.49, 6),
(102, 'ANGELS ENVY BOURBON 750ML', '750ML', 52.99, 20),
(103, 'ANGRY ORCHARD 6 PACK 12OZ BOTTLE', '6 PK 12 OZ BTL', 9.49, 0),
(104, 'ANGRY ORCHARD APPLE GINGER 6PK', '6PK', 8.99, 0),
(105, 'ANGRY ORCHARD CINFUL APPLE 6PK', '6PK', 8.99, 4),
(106, 'ANGRY ORCHARD GREEN APPLE 6 PK', '6 PK 12 OZ', 9.49, 6),
(107, 'Anthony Berg Chocolate Liquers 16PC', 'EACH', 23.49, 0),
(108, 'APOTHIC INFERNO WHISKEY AGE WINE 750ML', '750ML', 18.99, 13),
(109, 'APOTHIC RED WINE 750ML', '750ML', 15.99, 15),
(110, 'APPLE MEAD WINE 750ML', '750ML', 19.99, 8),
(111, 'APPLETON ESTATE SIGNATURE BLEND RUM 1.75L', '750ML', 39.99, 6),
(112, 'AQUAFINA WATER 16.9 OZ', '16.9 OZ', 0.99, 40),
(113, 'ARBOR BLACKBERRY MERLOT WINE 750ML', '750ML', 4.99, 0),
(114, 'ARBOR EXOTIC FRUIT WHITE  ZINFANDEL', '750ML', 4.99, 0),
(115, 'ARBOR MANGO STRAWBERRY WINE 750ML', '750ML', 3.99, 0),
(116, 'ARBOR PINEAPPLE STRAWBERRY WINE 750ML', '750ML', 4.99, 0),
(117, 'ARIZONA SWEET TEA 12OZ', 'EACH', 0.99, 5),
(118, 'ASBACH URALT BRANDY 750ML', '750ML', 27.99, 0),
(119, 'AUSTIN EAST CIDER GRAPFRUIT 6PK CAN', '6 PK 12 OZ BTL', 10.99, 5),
(120, 'AUSTIN EASTCIDER BLOOD ORANGE 6PK CAN', '6 PK 12 OZ BTL', 10.99, 4),
(121, 'AUSTIN EASTCIDER HONEY 6PK CAN', '6PK LN', 10.99, 0),
(122, 'AUSTIN EASTCIDER PINEAPPLE 6PK CAN', '6 PK 16 OZ CAN', 10.99, 20),
(123, 'AUSTIN EASTCIDER WATERMELON 6PK 12oz CAN', '6 PK 12 OZ', 10.99, 2),
(124, 'AVIATION AMERICAN GIN 750ML', '750ML', 29.99, 8),
(125, 'AVION REPOSADO 750ML', '750ML', 47.99, 2),
(126, 'AVION SILVER TEQUILA 375ML', '375ML', 20.99, 2),
(127, 'AVION SILVER TEQUILA 750ML', '750ML', 42.99, 6),
(128, 'AVION SILVER TEQUILA w 2 50ml750ML', '750ML', 42.99, 3),
(129, 'BACARDI 8 RUM 750ML', '750ML', 25.99, 12),
(130, 'BACARDI ANEJO 750ML', '750ML', 23.99, 8),
(131, 'BACARDI BANANA RUM 70 200ML', '200ML', 4.99, 0),
(132, 'BACARDI BANANA RUM 70 750ML', '750ML', 18.99, 0),
(133, 'BACARDI GOLD 1.0L', '1.0L', 19.99, 0),
(134, 'BACARDI GOLD 1.75L', '1.75L', 25.99, 4),
(135, 'BACARDI GOLD 375ML', '375ML', 8.49, 22),
(136, 'BACARDI GOLD PET 750ML', '750ML', 17.99, 14),
(137, 'BACARDI LIME RUM 50ML', '50ML', 1.99, 85),
(138, 'BACARDI PINA COLADA 10 OZ CAN', '10 OZ CAN', 4.49, 5),
(139, 'BACARDI STRAW DAQ 10 OZ CAN', '10 OZ CAN', 4.49, 2),
(140, 'BACK PORCH SITTIN FIESTA WINERY 750ML', '750ML', 15.99, 5),
(141, 'BAJA BOB\'S MARG MIX SUGAR FREE 175', '1.75L', 8.49, 8),
(142, 'BAKON VODKA 750ML', '750ML', 21, 0),
(143, 'BALCONES TX BOURBON POT STILL 750ML', '750ML', 32.49, 11),
(144, 'BALLANTINE FINEST SCOTCH 1.75L', '1.75L', 25.99, 0),
(145, 'BALLANTINE FINEST SCOTCH 750ML', '750ML', 18.99, 0),
(146, 'BALVENIE WHISKEY SCOTH 12 yr 750ML', '750ML', 69.99, 4),
(147, 'BANFI ROSA REGALE 750ML', '750ML', 19.99, 0),
(148, 'BANG ENERGY DRINK 16OZ', '16 OZ', 2.99, 3),
(149, 'BARE BONE TEXAS VODKA 750ML', '750ML', 18.99, 10),
(150, 'BAREFOOT BUBBLY CITRUS F 750ML', '750ML', 9, 9),
(151, 'BAREFOOT BUBBLY PINK MOS 750ML', '750ML', 9.99, 4),
(152, 'BAREFOOT CALIF CHARD 1.5L', '1.5L', 11.49, 2),
(153, 'BAREFOOT CALIF CHARD 750ML', '750ML', 8.59, 0),
(154, 'BAREFOOT CHERRYCRAN SELTZER 8.4OZ CAN', '8 PK 16 OZ CAN', 2.89, 6),
(155, 'BAREFOOT HONEYSUCKLE PEACH MOSCATO 4 PK', '4PK CAN', 6.99, 18),
(156, 'BAREFOOT LEMON APPLE WINE 4 PK', '8PK 50ML', 6.99, 6),
(157, 'BAREFOOT PEACH SELTZER 8.4OZ CAN', '8 PK 16 OZ CAN', 2.89, 9),
(158, 'BAREFOOT PINEAPPLE SELTZER 4PK', '3x50ML', 7.99, 9),
(159, 'BAREFOOT PINEAPPLE SELTZER 8.4OZ CAN', '8 PK 16 OZ CAN', 2.89, 11),
(160, 'BAREFOOT PINK MOSCATO 750ML', '750ML', 8.59, 11),
(161, 'BAREFOOT SPRITZ PEAR APPLE 4 PK', '4 PK 12 OZ BTL', 6.49, 9),
(162, 'BAREFOOT STRAWBERRY GUAVA SELTZER 8.4OZ CAN', '30 PACK 12 OZ CAN', 2.89, 5),
(163, 'BAREFOOT SUMMER RED SPRITZ RASBERRY APPLE 4 PK', '20 CT', 6.49, 0),
(164, 'BAREFOOT VANILLA APPLE CHARDONNAY 4 PK', '8PK 50ML', 6.99, 0),
(165, 'BARRELL DOVETAIL WHISKEYCASK 750', '750ML', 86.49, 7),
(166, 'BARRELL RUM CASK 750', '750ML', 94.99, 3),
(167, 'BARTLES & JAMES CUCUMBER LIME 12OZ CAN', 'EACH', 1.99, 9),
(168, 'BARTLES & JAMES CUCUMBER LIME WINE 6 PK', '6 PK 12 OZ BTL', 10.49, 0),
(169, 'BARTLES & JAMES GINGER LEMON 12 OZ CAN', 'EACH', 1.99, 2),
(170, 'BARTLES & JAMES GINGER LEMON WINE 6 PK', '6 PK 12 OZ', 10.49, 4),
(171, 'BARTLES & JAMES GRAPEFRUIT GREEN TEA WINE 12 OZ CAN', 'EACH', 1.99, 5),
(172, 'BARTLES & JAMES GRAPFRUIT & GREEN TEA 6 PK', '6 PK 12 OZ BTL', 10.49, 7),
(173, 'BARTLES & JAMES WATERMELON MINT 6 PK', '6 PK 12 OZ', 10.49, 6),
(174, 'BARTON NATURALS GLUTEN FREE VODKA 1.75L', '1.75L', 10.99, 39),
(175, 'BASKET EXOTICO MARGARITA 750', '750ML', 32.99, 0),
(176, 'BASKET JAR CROWN 50ML-6', '50ML', 18.99, 0),
(177, 'BASKET SAUZA GOLD TEQUILA 50ML', '50ML', 9.49, 1),
(178, 'BECKER CAB SAUV 750ML', '750ML', 10.49, 1),
(179, 'BECKER RED WINE 750ML', '750ML', 12.99, 9),
(180, 'BECKER VINEYARDS TX TEMPANILLO WINE 750ML', '750ML', 16.49, 7),
(181, 'BEEFEATER GIN 375ML', '375ML', 12.79, 0),
(182, 'BEEFEATER GIN 750ML', '750ML', 23.99, 7),
(183, 'BEEFEATER GIN PINK 750ML', '750ML', 25.99, 3),
(184, 'BELLOWS CLUB BLEND WHSK 1.75', '1.75L', 14.99, 8),
(185, 'BELLOWS VODKA 1.75L', '1.75L', 15.49, 0),
(186, 'BELLRINGER GIN 750ML', '750ML', 12.99, 11),
(187, 'BELVEDERE VODKA 750ML', '750ML', 31.99, 5),
(188, 'BENCHMARK KENTUCKY STRAIGHT WHISKEY 8 750ML', '750ML', 11.99, 1),
(189, 'BENCHMARK KENTUCKY WHISKEY 375ML', '375ML', 5.99, 0),
(190, 'BERINGER BROS. BOURBON CAB WINE 750ML', '750ML', 17.99, 14),
(191, 'BERINGER MOSCATO 1.5L', '1.5L', 9, 0),
(192, 'BERINGER WHT ZINFANDEL 1.5L', '1.5L', 11.49, 3),
(193, 'BERINGER WHT ZINFANDEL 4x187ML', '187ML', 8.99, 4),
(194, 'BERINGER WHT ZINFANDEL 750ML', '750ML', 5.99, 8),
(195, 'BESO DEL SOL RED SANGRIA WINE', '550ML', 6.49, 9),
(196, 'BIG BAG GIFT BAG', 'EACH', 3.99, 34),
(197, 'BIG RED 2.0L', '2.0L', 2.59, 3),
(198, 'BIG RED SODA 16.9OZ', '16.9 OZ', 1.09, 13),
(199, 'BIRD DOG  BLACKBERRY WHISKEY 1.75', '1.75L', 33.99, 0),
(200, 'BIRD DOG BLACKBERRY WHISKEY', '750ML', 18.99, 1),
(201, 'BIRD DOG PEACH WHISKEY 750ML', '750ML', 18.99, 3),
(202, 'BLACK BOX 12 PK ROSE 500ML', '550ML', 4.89, 0),
(203, 'BLACK BOX CAB SAUV 3L', '3L', 21.99, 0),
(204, 'BLACK BOX PINOGRIGIO 500ML', '550ML', 4.89, 0),
(205, 'BLACK BOX PINOT GRIGIO 3L', '3L', 21.99, 0),
(206, 'BLACK BOX PREMIUM CHARDONNAY 500ML', '550ML', 4.89, 0),
(207, 'BLACK BUSH IRISH WHISKEY', '750ML', 32.99, 4),
(208, 'BLACKBERRY MEAD', '750ML', 19.99, 4),
(209, 'BLANTON BOURBON SINGLE BARREL 750ml', '750ML', 75.99, 9),
(210, 'BLOODY BUDDY  W/VKA 4PK', '4PK CAN', 15.99, 13),
(211, 'BLOODY BUDDY  W/VKA 750ML', '750ML', 12.99, 1),
(212, 'BLOODY BUDDY 1L', '1.0L', 14.49, 7),
(213, 'BLOODY BUDDY 200ML', '200ML', 3.49, 4),
(214, 'BLUE CHAIR BANANNA RUM 50ML', '5.0L', 1.49, 123),
(215, 'BLUE CHAIR BANANNA RUM 750ML', '750ML', 19.99, 27),
(216, 'BLUE CHAIR BANANNA RUM CREAM 50ML', '50ML', 1.49, 80),
(217, 'BLUE CHAIR BAY BANANA CREAM  750ML', '750ML', 21.99, 9),
(218, 'BLUE CHAIR BAY COCONUT', '750ML', 19.99, 22),
(219, 'BLUE CHAIR BAY COCONUT 750ML', '750ML', 19.99, 7),
(220, 'BLUE CHAIR BAY KEY LIME CREAM  750ML', '750ML', 19.99, 9),
(221, 'BLUE CHAIR BAY VANILLA 750ML', '750ML', 21.99, 26),
(222, 'BLUE CHAIR BAY WHITE RUM 750ML', '750ML', 21.99, 6),
(223, 'BLUE CHAIR COCONUT RUM 1.75', '1.75L', 31.99, 5),
(224, 'BLUE CHAIR COCONUT RUM 50ML', '50ML', 1.49, 46),
(225, 'BLUE CHAIR COCONUT RUM CREAM 50ML', '50ML', 1.49, 97),
(226, 'BLUE CHAIR COCONUT SPICED RUM  CREAM 750ML', '750ML', 21.99, 21),
(227, 'BLUE CHAIR KEYLIME RUM CREAM 50ML', '50ML', 1.49, 43),
(228, 'BLUE CHAIR PINEAPPLE CREAM 50ML', '50ML', 1.49, 225),
(229, 'BLUE CHAIR PINEAPPLE RUM CREAM  750ML', '750ML', 21.99, 10),
(230, 'BLUE CHAIR SPICED RUM 750ML', '750ML', 17.99, 7),
(231, 'BLUE GATORADE 20OZ', '32 OZ', 1.59, 1),
(232, 'BLUE MOON 6 PK 12 OZ BTL', '6 PK 12 OZ BTL', 8.99, 11),
(233, 'BLUEBERRY BLISS WINE 750ML', '750ML', 14.99, 16),
(234, 'BLUEBERRY FRUIT WINE 750ML', '750ML', 21.99, 0),
(235, 'BLUEBERRY LEMONADE RTD 355ML', '355ML', 2.49, 4),
(236, 'BOB\'S PICKLE POTION 200ML', '200ML', 2.99, 7),
(237, 'BOGLE CHARDONNAY WINE 750ml', '750ML', 13.99, 4),
(238, 'BOGLE MERLOT WINE 750ML', '750ML', 13.99, 7),
(239, 'BONE DADDY\'S MARGARIT MIX 1.75', '1.75L', 9.99, 1),
(240, 'BONTERRA CABERNET SAUV 750ML', '750ML', 14.49, 0),
(241, 'BOOKERS BOURBON 750ML', '750ML', 90.99, 4),
(242, 'BOONDOCKS 8 YR STRAIGHT BOURBON WHISKEY 750ML', '750ML', 43.99, 7),
(243, 'BOONDOCKS CASK STRENGTH AMERICAQN WHISKEY 750ML', '750ML', 43.99, 0),
(244, 'BOTA BOX CABERNET SAUVIGNON 3L', '3L', 19.99, 2),
(245, 'BOTA BOX CHARDONNAY 3L', '3L', 19.99, 6),
(246, 'BOTA BOX DRY ROSE 3L', '3L', 19.99, 5),
(247, 'BOTA BOX MERLOT 3L', '3L', 19.99, 1),
(248, 'BOTA BOX PINOT GRIGIO 3L', '3L', 19.99, 0),
(249, 'BOTA BOX RED WINE BLEND 3LL', '3L', 19.99, 10),
(250, 'BRECKENRIDGE BOURBON WHISKEY  750ML', '750ML', 42.99, 2),
(251, 'BRUICHLADDICH LADDIE SCOTCH', '750ML', 61.49, 0),
(252, 'BRUMETE BRUT ESPUMOSO 750ML', '750ML', 7.99, 4),
(253, 'BRUT J. ROGET CHAMPAGNE', '750ML', 6.99, 21),
(254, 'BSB BROWN SUGAR BOURBON 750', '750ML', 22.99, 0),
(255, 'BUCHANAN\'S DELUXE SCOTCH 375 ML', '375ML', 19.99, 6),
(256, 'BUCHANAN\'S SCOTCH 12YR 1.0L', '1.0L', 46.99, 0),
(257, 'BUCHANAN\'S SCOTCH 12YR 1.75L', '1.75L', 72.99, 3),
(258, 'BUCHANAN\'S SCOTCH 12YR 750ML', '750ML', 38.99, 28),
(259, 'BUCHANAN\'S SPECIAL 18YYR  RESV 750ML', '750ML', 94.99, 2),
(260, 'BUCHANNAN\'S MASTER SCOTCH 750ML', '750ML', 46.49, 2),
(261, 'BUD LIGHT 25 OZ CAN', '25 OZ', 2.99, 36),
(262, 'BUD LT 6 PK 16 OZ CAN', '12 PK 12 OZ CAN', 7.49, 4),
(263, 'BUDLIGHT SELTZER VARIETY 12 PACK', '12 PK 12 OZ BTL', 17.49, 14),
(264, 'BUFFALO TRACE 1.75L', '1.75L', 49.99, 0),
(265, 'BUFFALO TRACE 750ML', '750ML', 35.49, 24),
(266, 'BUFFALO TRACE CREAM', '750ML', 23.99, 4),
(267, 'BULL AND BEAR BOURBON 750ML', '750ML', 22.49, 7),
(268, 'BULLEIT BOURBON 10YR 750ML', '750ML', 48.49, 3),
(269, 'BULLEIT BOURBON 375ML', '375ML', 17.99, 19),
(270, 'BULLEIT BOURBON 750ML', '750ML', 32.99, 39),
(271, 'BULLEIT RYE MASH WHISKEY 375ML', '375ML', 17.99, 11),
(272, 'BULLEIT RYE MASH WHISKEY 750ML', '750ML', 30.99, 6),
(273, 'BUMBU RUM 750ML', '750ML', 40.49, 3),
(274, 'BURNETTS CITRUS VODKA 750ML', '750ML', 9.99, 2),
(275, 'BURNETTS COCONUT VODKA 750ML', '750ML', 9.99, 3),
(276, 'BURNETTS PINK LEMONADE 1.75ML', '1.75L', 14.99, 5),
(277, 'BURNETTS PINK LEMONADE 750ML', '750ML', 9.99, 13),
(278, 'BURNETTS RASPBERRY VODKA 750ML', '750ML', 10.99, 0),
(279, 'BURNETTS SOURAPPLE VODKA 750ML', '750ML', 9.99, 3),
(280, 'BURNETTS VANILLA VODKA 750ML', '750ML', 9.99, 2),
(281, 'BURNETTS VODKA 1.75L', '1.75L', 14.99, 15),
(282, 'BURNETTS VODKA 750ML', '750ML', 7.99, 2),
(283, 'BURNETTS WAT 750ML', '750ML', 9.99, 7),
(284, 'BURNETTS WHIPPED CREAM 750ML', '750ML', 9.99, 4),
(285, 'BUSHMILLS IRISH WSKY 1.75L', '1.75L', 54.99, 6),
(286, 'BUSHMILLS RED BUSH 750ML', '750ML', 26.99, 0),
(287, 'C4 SHOT ROCKS WATERMELON ENERGY', 'EACH', 3.29, 8),
(288, 'CABA ESTRELLA REPOSADO 750ML', '750ML', 20.49, 5),
(289, 'CABO WABO BLANCO 750ML', '750ML', 34.99, 2),
(290, 'CABO WABO REPOSADO 750ML', '750ML', 39.99, 4),
(291, 'CALICO JACK CHERRY 750ML', '750ML', 12.49, 10),
(292, 'CALICO JACK COCONUT 750ML', '750ML', 12.99, 0),
(293, 'CALICO JACK RUM 1.75L', '1.75L', 19.99, 7),
(294, 'CALLAWAYCAB SAUV CELLAR 750ML', '750ML', 16.49, 12),
(295, 'CALYPSO COCONUT RUM 1.75ML', '1.75L', 13.99, 13),
(296, 'CALYPSO GOLD RUM 1.75ML', '1.75L', 13.99, 2),
(297, 'CALYPSO SIVER RUM 1.75ML', '1.75L', 13.99, 14),
(298, 'CALYPSO SPICED RUM 1.75ML', '1.75L', 13.99, 5),
(299, 'CAMO VIEJO RIOJA 750ML', '750ML', 12.99, 10),
(300, 'CAMPARI LIQUEUR 750ML', '750ML', 29.99, 1),
(301, 'CAMPO VIEJO 750ML', '750ML', 9.49, 3),
(302, 'CANADIAN CLUB 6YR PET 1.75L', '1.75L', 28.99, 6),
(303, 'CANADIAN HUNTER 1.0L', '1.0L', 14.99, 0),
(304, 'CANADIAN HUNTER 1.75L', '1.75L', 18.99, 17),
(305, 'CANADIAN HUNTER 50ML', '50ML', 1.04, 46),
(306, 'CANADIAN HUNTER 750ML', '750ML', 10.99, 0),
(307, 'CANADIAN HUNTER PET 375ML', '375ML', 6.49, 5),
(308, 'CANADIAN HUNTER PET 750ML', '750ML', 10.99, 1),
(309, 'CANADIAN HUNTER RYE 1.75', '1.75L', 19.49, 23),
(310, 'CANADIAN LTD 1.0L', '1.0L', 11.49, 0),
(311, 'CANADIAN LTD 1.75L', '1.75L', 15.99, 12),
(312, 'CANADIAN LTD 375ML', '375ML', 4.49, 0),
(313, 'CANADIAN LTD 750ML', '750ML', 7.99, 15),
(314, 'CANADIAN LTD 750ML', '750ML', 8.49, 30),
(315, 'CANADIAN MIST 1.0L', '1.0L', 17.99, 0),
(316, 'CANADIAN MIST 1.75L', '1.75L', 25.99, 8),
(317, 'CANADIAN MIST 375ML', '375ML', 7.99, 31),
(318, 'CANADIAN MIST PET 750ML', '750ML', 12.99, 23),
(319, 'CAP MORG ORG SPIC RUM 1.0L', '1.0L', 22.99, 0),
(320, 'CAP MORGAN 100 PF 750ML', '750ML', 20.99, 6),
(321, 'CAP MORGAN APPLE SMASH 750ML', '750ML', 15.99, 1),
(322, 'CAP MORGAN BLK SPICD RUM 1.75L', '1.75L', 30.99, 1),
(323, 'CAP MORGAN BLK SPICD RUM 750ML', '750ML', 20.99, 1),
(324, 'CAP MORGAN CANNON BLAST 750ML', '750ML', 15.99, 4),
(325, 'CAP MORGAN COCONUT RUM 750ML', '750ML', 19.49, 0),
(326, 'CAP MORGAN LOCO NUT 750ML', '750ML', 15.99, 17),
(327, 'CAP MORGAN ORG SPCD 1671 750ML', '750ML', 18.99, 12),
(328, 'CAP MORGAN ORG SPCD RUM 200ML', '200ML', 5.99, 10),
(329, 'CAP MORGAN ORG SPCD RUM 375ML', '375ML', 9.99, 19),
(330, 'CAP MORGAN ORG SPCD RUM 750ML', '750ML', 17.99, 5),
(331, 'CAP MORGAN ORG SPICD RUM 1.75L', '1.75L', 27.99, 17),
(332, 'CAP MORGAN PRVT STOCK 1.75L', '1.75L', 44.99, 6),
(333, 'CAP MORGAN PRVT STOCK 750ML', '750ML', 26.99, 12),
(334, 'CAP MORGAN SILVER 1.0L', '1.0L', 23.99, 0),
(335, 'CAP MORGAN SILVER 1.75L', '1.75L', 26.49, 0),
(336, 'CAP MORGAN SPCD SILVER 750ML', '750ML', 19.49, 2),
(337, 'CAP MORGAN WATER SMASH 750ML', '750ML', 15.99, 0),
(338, 'CAP MORGAN WHITE RUM 750ML', '750ML', 19.49, 0),
(339, 'CAPPRICIO SANGRIA', '750ML', 9.49, 0),
(340, 'CAPRICCIO WHITE SANGRIA BUBBLY 750', '750ML', 9.49, 0),
(341, 'CAPT MORGAN GINGER BREAD 750', '750ML', 21.49, 1),
(342, 'CAPT MORGAN SPICED RUM 1.75', '1.75L', 26.99, 51),
(343, 'CAPT MORGAN SPICED RUM 50ml 1.75', '1.75L', 26.99, 0),
(344, 'CAPTAIN MORGAN ORANGE VANILLA RUM 750ML', '750ML', 19.49, 10),
(345, 'CAPTAIN MORGAN SPICED RUM 50ML', '750ML', 1.99, 12),
(346, 'CARLO ROSSI CHABLIS 4LT', '4PK', 13.99, 0),
(347, 'CARNIVOR CABERNET WINE 750ML', '750ML', 12.99, 13),
(348, 'CAROLANS IRISH CREAM 1.75L', '1.75L', 26.99, 0),
(349, 'CAROLANS IRISH CREAM 750ML', '750ML', 17.99, 2),
(350, 'CAROLANS W/ GLASS 750ML', '750ML', 17.99, 0),
(351, 'CASA MAESTRI ANEJO TEQUILA 750ML', '750ML', 57.99, 0),
(352, 'CASA MAESTRI REPOSADO TEQUILA 750', '750ML', 55.99, 1),
(353, 'CASTILLO GOLD 750ML', '750ML', 11.99, 0),
(354, 'CASTILLO GOLD PET 1.75L', '1.75L', 19.49, 0),
(355, 'CASTILLO SILVER 750ML', '750ML', 11.99, 0),
(356, 'CASTILLO SILVER PET 1.75L', '1.75L', 19.99, 6),
(357, 'CASTILLO SPICED 750ML', '750ML', 11.99, 1),
(358, 'CAVIT MOSCATO 1.5', '1.5L', 15.99, 5),
(359, 'CAVIT PINOT GRIGO 1.5', '1.5L', 15.99, 9),
(360, 'CAZADORES BLANCO 750ML', '750ML', 28.99, 14),
(361, 'CAZADORES REPOSADO 375ML', '375ML', 10.49, 11),
(362, 'CAZADORES REPOSADO 750ML', '750ML', 28.99, 5),
(363, 'CAZADORES TEQ BLANCO 375', '375ML', 10.49, 17),
(364, 'CHAMBORD LIQUEUR 375ML', '375ML', 22.99, 12),
(365, 'CHAMBORD LIQUEUR 750ML', '750ML', 28.99, 0),
(366, 'CHANDON DELICE 750ML', '750ML', 16.99, 0),
(367, 'CHARLES SMITH SYRAH BOOM BOOM WINE', 'EACH', 15.99, 5),
(368, 'CHATEAU LA PAWS CHARDONNAY', '750ML', 12.99, 10),
(369, 'CHATEAU LA PAWS RED WINE BLEND', '750ML', 12.99, 6),
(370, 'CHATEAU ST MICHELLE', '750ML', 10.99, 3),
(371, 'CHATEAU STE MICHELLE CHARDONNAY 750ML', '750ML', 11.49, 6),
(372, 'CHERRIES W/STEMS 10 OZ', '10 OZ', 3.49, 5),
(373, 'CHERRY 10 OZ', 'EACH', 3.99, 6),
(374, 'CHERRY FRUIT WINE 750ML', '750ML', 16.99, 8),
(375, 'CHI CHI\'S  MARG 750ML', '750ML', 6.99, 14),
(376, 'CHI CHI\'S LONG ISLAND RTD 750', '750ML', 6.99, 9),
(377, 'CHI CHI\'S LONG ISLAND T 1.75L', '1.75L', 13.99, 14),
(378, 'CHI CHI\'S MUDSLIDE 1.75L', '1.75L', 13.99, 9),
(379, 'CHI CHI\'S ORIGINAL MARG 1.75L', '1.75L', 13.99, 3),
(380, 'CHI CHI\'S PINA COLADA 1.75L', '1.75L', 13.99, 11),
(381, 'CHI CHI\'S PINA COLADA 750ML', '750ML', 6.99, 9),
(382, 'CHI CHI\'S SKINNY MARG 1.75L', '1.75L', 13.99, 8),
(383, 'CHI CHI\'S WHITE RUSSIAN 1.75L', '1.75L', 13.99, 7),
(384, 'CHIVAS REGAL 12 YR 1.0L', '1.0L', 45.99, 0),
(385, 'CHIVAS REGAL 12 YR 1.75L', '1.75L', 74.99, 0),
(386, 'CHIVAS REGAL 12 YR 200ML', '200ML', 11.99, 0),
(387, 'CHIVAS REGAL 12 YR 375ML', '375ML', 19.99, 10),
(388, 'CHIVAS REGAL 12 YR 750ML', '750ML', 36.99, 4),
(389, 'CHIVAS REGAL 18YR 375ML', '375ML', 36.29, 0),
(390, 'CHIVAS REGAL EXTRA BLENDED SCOTTCH WHISKEY', '750ML', 37.99, 0),
(391, 'CHRIS BRO APPLE 375ML', '375ML', 6.99, 12),
(392, 'CHRIS BRO BRANDY VS AMBR 375ML', '375ML', 6.99, 6),
(393, 'CHRIS BRO BRANDY VS AMBR 750ML', '750ML', 11.99, 6),
(394, 'CHURCHKEY-OPENER', 'EACH', 2.49, 21),
(395, 'CINCO TEXAS VODKA 50ML', '50ML', 1.99, 54),
(396, 'CINCO TEXAS VODKA 750ML', '750ML', 22.99, 6),
(397, 'CINERATOR CINNAMON WHSKY 750ML', '750ML', 13.49, 0),
(398, 'CIROC APPLE 750ML', '750ML', 35.99, 14),
(399, 'CIROC BLK RASP 375ML', '375ML', 17.99, 0),
(400, 'CIROC BLK RASP 750ML', '750ML', 35.99, 3),
(401, 'CIROC COCONUT 750ML', '750ML', 38.99, 0),
(402, 'CIROC PEACH 375ML', '375ML', 17.99, 5),
(403, 'CIROC PEACH 750ML', '750ML', 38.99, 0),
(404, 'CIROC PINEAPPLE 375ML', '375ML', 17.99, 6),
(405, 'CIROC PINEAPPLE 750ML', '750ML', 35.99, 12),
(406, 'CIROC RED BERRY 375ML', '375ML', 17.99, 15),
(407, 'CIROC RED BERRY 750ML', '750ML', 35.99, 23),
(408, 'CIROC ROYAL VAN VODKA 750ML', '750ML', 38.99, 0),
(409, 'CIROC SNAP FROST VODKA 375ML', '375ML', 17.99, 4),
(410, 'CIROC SNAP FROST VODKA W/ MUSIC BOX 750ML', '750ML', 35.99, 6),
(411, 'CIROC SNAP FROST VODKA WITH SHOT GLASS 750ML', '750ML', 29.99, 4),
(412, 'CIROC SNAP FROST WITH APPLE/PEACH 50ML-750ML', '750ML', 29.99, 3),
(413, 'CIROC SUMMER COLADA 750ML', '750ML', 35.99, 11),
(414, 'CIROC VS 375ML', '375ML', 17.99, 2),
(415, 'CIROC WATERMELON VODKA 750ML', '750ML', 35.99, 0),
(416, 'CLAMATO TOMATO 6 PK', '6PK LN', 3.99, 0),
(417, 'CLAN MACGREGOR 1.75L', '1.75L', 20.99, 8),
(418, 'CLASE AZUL TEQ PLATA 80 750ML', '750ML', 99.99, 3),
(419, 'CLOS DU BOIS 750ml', '750ML', 11.99, 10),
(420, 'CLUB SODA 1.0L', '1.0L', 1.99, 1),
(421, 'CLUB SODA 1.0L', '1.0L', 1.99, 4),
(422, 'CLYDE MAYS BOURBON WHISKEY 750', '750ML', 39.99, 6),
(423, 'CM PARROT BAY COCONUT 1.0L', '1.0L', 21.99, 0),
(424, 'CM PARROT BAY COCONUT 1.75L', '1.75L', 25.99, 4),
(425, 'CM PARROT BAY COCONUT 750ML', '750ML', 19.99, 6),
(426, 'CM PARROT BAY COCONUT 90 750ML', '750ML', 21.99, 12),
(427, 'COCA COLA CLASSIC 12 OZ', '12 OZ', 0.89, 10),
(428, 'COCA COLA CLASSIC 16.9 OZ', '16.9 OZ', 1.09, 23),
(429, 'COCA COLA CLASSIC 2.0L', '2.0L', 2.59, 4),
(430, 'COCA COLA ZERO 12oz CAN', '12 OZ', 0.89, 10),
(431, 'COCO LOPEZ', '16 OZ', 3.99, 9),
(432, 'COCO REAL 21 OZ', '21 OZ', 5.99, 4),
(433, 'CODIGO GEORGE STRAIT TEQUILA 750ML', '750ML', 47.49, 10),
(434, 'COINTREAU 375ML', '375ML', 24.99, 32),
(435, 'COINTREAU 750ML', '750ML', 45.99, 5),
(436, 'COINTREAU W/ MIX AND JIGGER 750ML ', '750ML', 45.9, 0),
(437, 'COKE CHERRY VANILLA', '16.9 OZ', 1.09, 3),
(438, 'COKE ZERO 12OZ CAN', '12 OZ', 0.89, 11),
(439, 'COKE ZERO 160Z BOTTLE', 'EACH', 1.09, 3),
(440, 'COKE ZERO 2L', '1.75L', 2.59, 2),
(441, 'COKE ZERO ZERO 12PK CN 12 OZ', '12 PK 12 OZ CAN', 6.49, 5),
(442, 'COLBY RED RED BLEND 750ML', '750ML', 12.99, 0),
(443, 'COLONEL EH. TAYLOR JR SMALL BATCH 750ML', '750ML', 44.99, 9),
(444, 'COMPASS SCOTCH BOX 3-50ML', '50ML', 21.99, 10),
(445, 'COOPER & THIEF RED WINE BLEND', '750ML', 26.14, 2),
(446, 'COORS 12OZ CAN 24 PACK', '24 PK 12 OZ CAN', 28.49, 1),
(447, 'COORS LIGHT 12 PK BOTTLE', '12 PK 12 OZ BTL', 16.49, 5),
(448, 'COORS LIGHT 6 PK 12 OZ BTL', '6 PK 12 OZ BTL', 7.99, 1),
(449, 'CORAZON ANEJO 750ML', '750ML', 43.49, 0),
(450, 'CORAZON BLANCO 750ML', '750ML', 35.49, 0),
(451, 'CORAZON REPOSADO 750ML', '750ML', 29.99, 1),
(452, 'CORONA EXTRA 24 OZ SGL CAN', '24 OZ SGL CAN', 2.79, 5),
(453, 'CORONA FAMILIAR BEER 6 PAK BOTTLE', '6 PK 12 OZ BTL', 10.49, 4),
(454, 'CORONA LIGHT 6 PACK 12', '6 PK 12 OZ BTL', 10.49, 14),
(455, 'CORONA LIGHT 6 PK 12 OZ BTL', '6 PK 12 OZ BTL', 10.49, 4),
(456, 'CORONA SELTZER 12PK CAN', '8 PK 16 OZ CAN', 20.49, 10),
(457, 'CORRALEJO ANEJO 750ML', '750ML', 31.99, 0),
(458, 'CORRALEJO BLANCO 750ML', '750ML', 31.99, 0),
(459, 'CORRALEJO REPOSADO 750ML', '750ML', 31.99, 0),
(460, 'CRAFTERS UNION PINOT GRIGIO 375ML', '375ML', 5.49, 9),
(461, 'CRAFTERS UNION RED BLEND 375ML', '375ML', 5.49, 7),
(462, 'CRAFTERS UNION ROSE 375ML', '375ML', 5.49, 5),
(463, 'CRAFTHOUSE MOSCOW MULE 200ml', '200ML', 4.99, 22),
(464, 'CRAFTHOUSE MOSCOW MULE 750', '750ML', 19.99, 0),
(465, 'CRAFTHOUSE PINEAPPLE DAQUIRI 750', '750ML', 19.99, 8),
(466, 'CRAFTHOUSE SMOKEY MARGARTA', '750ML', 19.99, 10),
(467, 'CRANBERRY COCKTAIL NO SUGAR 3L', '3L', 6.49, 9),
(468, 'CRANBERRY COCKTAIL NO SUGAR 640Z', '64OZ', 4.99, 0),
(469, 'CRANBERRY FRUIT WINE 750ML', '750ML', 19.99, 0),
(470, 'CRANBERRY JUICE OCEAN SPRAY 60OZ', '1.75L', 4.99, 4),
(471, 'CRANBERRY MEAD', '750ML', 19.99, 273),
(472, 'CRANE LAKE CAB 1.5L', '1.5L', 9.99, 7),
(473, 'CRANE LAKE MERLOT 1.5L', '1.5L', 9.99, 0),
(474, 'CRANE LAKE MOSCATO 750ML', '750ML', 5.99, 7),
(475, 'CRANE LAKE PINOT GRIGIO 750ML', '750ML', 5.99, 8),
(476, 'CREAM LIQUER WITH COCONUT/WHISKEY 750ML', '750ML', 24.99, 11),
(477, 'CROWN DELUXE 200ML', '200ML', 10.49, 54),
(478, 'CROWN DELUXE W TEXANS/COWBOYS 1.75', '1.75L', 52.99, 11),
(479, 'CROWN GIFT SET CANNISTER', 'EACH', 14.99, 0),
(480, 'CROWN PEACH 750ML', '750ML', 31.99, 198),
(481, 'CROWN ROYAL 1.0L', '1.0L', 39.99, 42),
(482, 'CROWN ROYAL 1.75L', '1.75L', 54.99, 24),
(483, 'CROWN ROYAL 2 GLASS GFT 750ML', '750ML', 29.99, 0),
(484, 'CROWN ROYAL 375ML', '375ML', 16.99, 15),
(485, 'CROWN ROYAL 50ML', '50ML', 2.99, 11),
(486, 'CROWN ROYAL 6PK 50ML', '6PK 50ML', 13.49, 0),
(487, 'CROWN ROYAL 750ML', '750ML', 30.99, 18),
(488, 'CROWN ROYAL APPLE 200ML', '200ML', 10.49, 30),
(489, 'CROWN ROYAL APPLE 375ML', '375ML', 16.99, 9),
(490, 'CROWN ROYAL APPLE 50ML', '50ML', 2.99, 51),
(491, 'CROWN ROYAL BBN MASH 750ML', '750ML', 28.99, 0),
(492, 'CROWN ROYAL BLACK 1.75L', '1.75L', 64.99, 4),
(493, 'CROWN ROYAL BLACK 375ML', '375ML', 19.99, 14),
(494, 'CROWN ROYAL BLACK 50ML', '50ML', 3.49, 33),
(495, 'CROWN ROYAL BLACK 750ML', '750ML', 34.99, 16),
(496, 'CROWN ROYAL COWBOYS 1.75', '1.75L', 52.99, 0),
(497, 'CROWN ROYAL COWBOYS 750ML', '750ML', 30.99, 0),
(498, 'CROWN ROYAL DELUXE 750ML W/2 50ML', '750ML', 30.99, 0),
(499, 'CROWN ROYAL GLASS GFT 750ML', '750ML', 29.99, 0),
(500, 'CROWN ROYAL NOBLE COLLEC 750ML', '750ML', 64.99, 12),
(501, 'CROWN ROYAL REGAL APPLE 1.75L', '1.75L', 54.99, 19),
(502, 'CROWN ROYAL REGAL APPLE 750ML', '750ML', 30.99, 33),
(503, 'CROWN ROYAL RESERVE 1.75L', '1.75L', 93.99, 16),
(504, 'CROWN ROYAL RESERVE 750ML', '750ML', 46.99, 7),
(505, 'CROWN ROYAL RODEO 750ML', '750ML', 30.99, 0),
(506, 'CROWN ROYAL SALTED CRML 750ML', '750ML', 31.99, 3),
(507, 'CROWN ROYAL TEXAS MESQUITE LIMITED EDITION 750ML', '750ML', 31.99, 7),
(508, 'CROWN ROYAL VANILLA 200ML', '200ML', 10.49, 59),
(509, 'CROWN ROYAL VANILLA 375ML', '375ML', 16.99, 53),
(510, 'CROWN ROYAL VANILLA 50ML', '50ML', 2.99, 38),
(511, 'CROWN ROYAL VANILLA 6PK 50ML', '50ML', 2.99, 48),
(512, 'CROWN ROYAL VANILLA 750ML', '750ML', 30.99, 59),
(513, 'CROWN ROYAL XO 750ML', '750ML', 47.99, 7),
(514, 'CROWN ROYAL XR 750ML', '750ML', 129.99, 5),
(515, 'CROWN XO 375 ML', '375ML', 23.99, 5),
(516, 'CROWN XO GIFT SET', 'EACH', 36.99, 0),
(517, 'CRUZAN BANANA RUM 750ML', '750ML', 14.99, 0),
(518, 'CRUZAN BLACK CHERRY RUM 750ML', '750ML', 11.99, 0),
(519, 'CRUZAN COCONUT RUM 1.75L', '1.75L', 28.99, 5),
(520, 'CRUZAN COCONUT RUM 50ML', '50ML', 1.04, 5),
(521, 'CRUZAN COCONUT RUM 750ML', '750ML', 14.99, 2),
(522, 'CRUZAN DARK RUM 1.75L', '1.75L', 18.99, 18),
(523, 'CRUZAN GUAVA RUM 750ML', '750ML', 12.49, 0),
(524, 'CRUZAN LIGHT RUM 1.75L', '1.75L', 18.99, 6),
(525, 'CRUZAN MANGO RUM 50ML', '50ML', 1.04, 3),
(526, 'CRUZAN MANGO RUM 750ML', '750ML', 11.9, 0),
(527, 'CRUZAN ORANGE RUM 750ML', '750ML', 16.99, 0),
(528, 'CRUZAN PEACH RUM 750ML', '750ML', 16.99, 0),
(529, 'CRUZAN PINEAPPLE RUM 750ML', '750ML', 14.99, 9),
(530, 'CRUZAN RASPBERRY RUM 750ML', '750ML', 16.99, 0),
(531, 'CRUZAN STRAWBERRY RUM 750ML', '750ML', 14.99, 0),
(532, 'CRUZAN VANILLA RUM 1.75L', '1.75L', 29.99, 0),
(533, 'CRUZAN VANILLA RUM 750ML', '750ML', 14.99, 3),
(534, 'CUPCAKE MERLOT 750ML', '750ML', 9.99, 1),
(535, 'CUPCAKE RED SPARKLING', '750ML', 7.49, 3),
(536, 'CUPKAKE MOSCATO WINE', '750ML', 15.99, 1),
(537, 'CUPS/LIDS 25pk 2 OZ', '25pk 2 OZ', 2.99, 3),
(538, 'CUTTY SARK BLENDED SCOTCH WHISKEY 1.75L', '1.75L', 36.99, 9),
(539, 'CW MARG TEQUILA 4 PK CAN', '4PK CAN', 12.99, 10),
(540, 'CW SPICY BLOODY MARY CAN', '6 PK 12 OZ', 10.99, 6),
(541, 'DALWHINNIE 15YR 750ML', '750ML', 71.99, 0),
(542, 'DARK HORSE CHARDONNAY WINE 750 ML', '750ML', 12.99, 9),
(543, 'DARK HORSE ROSE WINE', '750ML', 13.99, 9),
(544, 'DASANI WATER 20 OZ', '20 OZ', 1.59, 9),
(545, 'DEAUVILLE TRIPLE SEC 1L', '1.0L', 5.49, 34),
(546, 'DEEP EDDY LEMON VODKA 1.75ML', '1.75L', 29.99, 13),
(547, 'DEEP EDDY LEMON VODKA 50ML', '50ML', 1.99, 40),
(548, 'DEEP EDDY RUBY RED 50ML', '50ML', 1.99, 32),
(549, 'DEEP EDDY SWEET TEA VODKA 750ML', '750ML', 19.99, 12),
(550, 'DEEP EDDY VODKA  1.75L', '1.75L', 29.99, 4),
(551, 'DEEP EDDY VODKA  W THERMOS 750ML', '750ML', 19.99, 3),
(552, 'DEEP EDDY VODKA 375ML', '375ML', 10.99, 7),
(553, 'DEEP EDDY VODKA 50ML', '50ML', 1.99, 38),
(554, 'DEEP EDDY VODKA 750ML', '750ML', 19.99, 15),
(555, 'DEEP EDDY VODKA CRANBERY 750ML', '750ML', 19.99, 7),
(556, 'DEEP EDDY VODKA LEMON 750ML', '750ML', 19.99, 33),
(557, 'DEEP EDDY VODKA ORANGE 750ML', '750ML', 19.99, 10),
(558, 'DEEP EDDY VODKA PEACH 750ML', '750ML', 19.99, 21),
(559, 'DEEP EDDY VODKA RUBY RED 1.75L', '1.75L', 29.99, 9),
(560, 'DEEP EDDY VODKA RUBY RED 750ML', '750ML', 19.99, 28),
(561, 'DEKPR BLUE CURACAO 1.0L', '1.0L', 14.99, 1),
(562, 'DEKPR BLUE CURACAO 750ML', '750ML', 16.49, 0),
(563, 'DEKPR BLUEBERRY 1.0L', '1.0L', 14.99, 5),
(564, 'DEKPR BLUEBERRY 750ML', '750ML', 11.99, 0),
(565, 'DEKPR BUTTERSHOTS 750ML', '750ML', 11.29, 11),
(566, 'DEKPR CR DE MENTHE GREEN 1.0L', '1.0L', 13.99, 0),
(567, 'DEKPR CREME DE COCOA 1.0L', '1.0L', 10.99, 2),
(568, 'DEKPR HOT DAMN 100 PROOF 1.0L', '1.0L', 14.99, 8),
(569, 'DEKPR HOT DAMN 100 PROOF 375ML', '375ML', 6.99, 17),
(570, 'DEKPR HOT DAMN 100 PROOF 750ML', '750ML', 13.99, 21),
(571, 'DEKPR HOT DAMN 30 PROOF 1.0L', '1.0L', 14.99, 0),
(572, 'DEKPR HOT DAMN 30 PROOF 375ML', '375ML', 6.99, 16),
(573, 'DEKPR MELON DEW 1.0L', '1.0L', 14.99, 3),
(574, 'DEKPR PEACHTREE 375ML', '375ML', 6.99, 26),
(575, 'DEKPR PEPPERMINT 100PRF 1.0L', '1.0L', 13.99, 11),
(576, 'DEKPR PEPPERMINT 60PROOF 1.0L', '1.0L', 14.99, 7),
(577, 'DEKPR PUCKER STRAWBERRY 1.0L', '1.0L', 14.99, 13),
(578, 'DEKPR PUCKER WATERMELON 375ML', '375ML', 7.49, 8),
(579, 'DEKPR PUCKER WATERMELON 750ML', '750ML', 11.29, 5),
(580, 'DEKPR PUCKERS SOUR APPLE 1.0L', '1.0L', 14.99, 0),
(581, 'DEKPR PUCKERS SOUR APPLE 375ML', '375ML', 7.49, 23),
(582, 'DEKPR SNP BUTTERSHOTS 1.0L', '1.0L', 14.99, 7),
(583, 'DEKPR SNP BUTTERSHOTS 375ML', '375ML', 6.99, 0),
(584, 'DEKPR SNP CANDY CANE 4x50ML', '4x50ML', 8.99, 0),
(585, 'DEKPR SNP PEACHTREE 1.0L', '1.0L', 14.99, 3),
(586, 'DEKPR SNP ROOTBEER 1.0L', '1.0L', 12.99, 0),
(587, 'DEKPR TRIPLE SEC 30 PROOF 1.0L', '1.0L', 7.99, 6),
(588, 'DEVILS RIVER BOURBON GIFT PAK', '750ML', 27.99, 0),
(589, 'DEVILS RIVER BOURBON WHISKY 375ML', '375ML', 13.99, 3),
(590, 'DEVILS RIVER BOURBON WHISKY 750ML', '750ML', 27.99, 2),
(591, 'DIET COKE 2L', '12 OZ CAN', 2.59, 2),
(592, 'DIET COKE CAFFEINE FREE 2L', '2.0L', 2.59, 0),
(593, 'DIET CRANBERRY JUICE 6 PACK 10OZ', '6 PK 12 OZ BTL', 4.99, 0),
(594, 'DIET TONIC WATER 1.0L', '1.0L', 2.99, 0),
(595, 'DIRTY SUE OLIVE JUICE 375ML', '375ML', 9.49, 6),
(596, 'DISARONNA 50ML', '50ML', 4.99, 66),
(597, 'DISARONNO AMARETTO 375ML', '375ML', 19.49, 4),
(598, 'DISARONNO AMARETTO 750ML', '750ML', 26.99, 10),
(599, 'DISARONNO AMARETTO W/JIGGER 750ML', '750ML', 26.99, 6),
(600, 'DISARONNO ITALIAN LIQEUR 1.75L', '1.75L', 49.99, 5),
(601, 'DISARONNO VELVET CREAM LIQUEUR 750ML', '750ML', 35.99, 5),
(602, 'DOLE PINEAPPLE JUICE 46OZ', '46OZ', 3.49, 0),
(603, 'DOLE PINEAPPLE OJ 6PK 6OZ', '6PK 6OZ', 3.99, 0),
(604, 'DON JULIO ANEJO 70TH  750ML', '750ML', 69.99, 0),
(605, 'DON JULIO ANEJO 750ML', '750ML', 63.99, 1),
(606, 'DON JULIO REPOSADO 750ML', '750ML', 58.99, 2),
(607, 'DON JULIO SILVER BLANCO 750ML', '750ML', 53.99, 4),
(608, 'DON PEDRO BRANDY 750ML', '750ML', 19.99, 1),
(609, 'DON Q RUM GOLD 1.75L', '1.75L', 21.99, 6),
(610, 'DOS EQUIS AMBER 6 PK 12 OZ BTL', '6 PK 12 OZ BTL', 9.99, 15),
(611, 'DOS EQUIS SPECIAL 18PK 12OZ CN', '18 PK 12 OZ CAN', 28.49, 1),
(612, 'DOS EQUIS SPECIAL 6PK 12OZ BTL', '6 PK 12 OZ BTL', 9.2927, 8),
(613, 'DOUBLE HINGED CORKSCREW', 'EACH', 2.99, 9),
(614, 'DR PEPPER 12 PACK', '12 PK 12 OZ CAN', 6.49, 7),
(615, 'DRAMBUIE 750ML', '750ML', 35.99, 1),
(616, 'DRIPPING SPRINGS VODKA 1.0L', '1.0L', 25.99, 0),
(617, 'DRIPPING SPRINGS VODKA 1.75L', '1.75L', 33.49, 19),
(618, 'DRIPPING SPRINGS VODKA 375ML', '375ML', 14.99, 7),
(619, 'DRIPPING SPRINGS VODKA W MIX 1.75L', '1.75L', 34.99, 2),
(620, 'DRUMSHANBO GUNPOWDER IRISH GIN 750ML', '750ML', 29.99, 2),
(621, 'DT 7UP 12 PK 12 OZ CAN', '12 PK 12 OZ CAN', 6.49, 8),
(622, 'DT COKE 12 OZ', '12 OZ', 0.89, 13),
(623, 'DT COKE 20 OZ', '20 OZ', 1.59, 7),
(624, 'DT COKE W/LIME 12PK CN 12 OZ', '12 PK 12 OZ CAN', 6.49, 9),
(625, 'DT SPRITE ZERO 2.0L', '2.0L', 2.59, 8),
(626, 'DT SPRITE ZERO 20 OZ', '20 OZ', 1.59, 0),
(627, 'DULCE VIDA GRAPFRT TEQ 750ML', '750ML', 25.99, 12),
(628, 'DULCE VIDA LIME TEQ 750ML', '750ML', 25.99, 9),
(629, 'DULCE VIDA PINE/JAL TEQ 750ML', '750ML', 25.99, 12),
(630, 'E&J APPLE BRANDY 750ML', '750ML', 15.99, 10),
(631, 'E&J BRANDY VS 1.0L', '1.0L', 16.99, 0),
(632, 'E&J BRANDY VS 1.75L', '1.75L', 22.99, 0),
(633, 'E&J BRANDY VS 375ML', '375ML', 7.99, 25),
(634, 'E&J BRANDY VS 750ML', '750ML', 14.99, 6),
(635, 'E&J BRANDY VSOP 750ML', '750ML', 13.99, 0),
(636, 'E&J BRANDY XO 750ML', '750ML', 24.99, 0),
(637, 'E&J PEACH BRANDY 750ML', '750ML', 15.99, 0),
(638, 'EAGLE RARE 10YR SGL BRL 1.75L', '1.75L', 56.99, 0),
(639, 'EAGLE RARE10YR SGL BARREL 750', '750ML', 35.99, 11),
(640, 'ECCO DOMANI MERLOT 750ML', '750ML', 12.49, 12),
(641, 'ECCO DOMANI PINOT GRIGIO 750ML', '750ML', 13.99, 12),
(642, 'ECHO BAY SAUV BLANC 750', '750ML', 14.99, 17),
(643, 'ED\'S SMOOTH RED 750ML', '750ML', 15.99, 0),
(644, 'EFFEN CUC 750ML', '750ML', 27.99, 7),
(645, 'EFFEN VODKA 750ML', '750ML', 27.99, 4),
(646, 'EIFEL FOUCHE COGNAC VSOP 750ML', '750ML', 42.99, 0),
(647, 'EL DORADO RUM 12 YR 750ML', '750ML', 34.99, 6),
(648, 'EL JIMADOR ANEJO 750ML', '750ML', 26.99, 3),
(649, 'EL JIMADOR REPO W/GLS 750ML', '750ML', 22.99, 0),
(650, 'EL JIMADOR REPOSADO 200ML', '200ML', 8.49, 0),
(651, 'EL JIMADOR REPOSADO 750ML', '750ML', 23.99, 5),
(652, 'EL JIMADOR SILVER 750ML', '750ML', 21.99, 10),
(653, 'EL JIMADOR TEQUILA REPO 375ML', '375ML', 13.99, 2),
(654, 'EL MEXICANO TEQ BLANCO 750ML', '750ML', 16.99, 0),
(655, 'EL SILENCIO TEQUILA 750ML', '750ML', 38.99, 6),
(656, 'EL TESORO BLANCO TEQUILA 750ML', '750ML', 42.99, 2),
(657, 'EL TESORO REPO TEQUILA 750ML', '750ML', 46.99, 3),
(658, 'ELECTRA RED MOSCATO WINE 750ML', '750ML', 13.99, 20),
(659, 'ELIJAH CRAIG BARREL PROOF 750ML', '750ML', 59.99, 1),
(660, 'ELIJAH CRAIG BOURBON 94P 750ML', '750ML', 32.49, 2),
(661, 'ENCHANTED ROCK VODKA 1.75L', '1.75L', 25.99, 16),
(662, 'ENCHANTED ROCK VODKA 750ML', '750ML', 16.99, 11),
(663, 'ESPOLON BLANCO 750ML', '750ML', 27.99, 4),
(664, 'ESPOLON REPOSADO 750ML', '750ML', 28.99, 21),
(665, 'ESTANCIA', '750ML', 15.99, 3),
(666, 'ESTANCIA CAB SAUV 750ML', '750ML', 13.99, 6),
(667, 'ESTANCIA CABERNET SAUVIGNON WINE', '750ML', 18.99, 8),
(668, 'ESTANCIA P GRIGIO 2007Y 750ML', '750ML', 10.99, 0),
(669, 'EVAN WILLIAMS 1783 10YR 1.75L', '1.75L', 29.99, 14),
(670, 'EVAN WILLIAMS BLACK 1.0L', '1.0L', 16.99, 0),
(671, 'EVAN WILLIAMS BLACK 1.75L', '1.75L', 23.99, 12),
(672, 'EVAN WILLIAMS BLACK 375ML', '375ML', 7.99, 10),
(673, 'EVAN WILLIAMS BLACK 750ML', '750ML', 16.99, 16),
(674, 'EVAN WILLIAMS CHERRY  750ML', '750ML', 15.99, 6),
(675, 'EVAN WILLIAMS GREEN 1.75L', '1.75L', 19.49, 1),
(676, 'EVAN WILLIAMS GREEN 375ML', '375ML', 7.99, 4),
(677, 'EVAN WILLIAMS GREEN 750ML', '750ML', 12.99, 9),
(678, 'EVAN WILLIAMS HONEY RSV 1.75L', '1.75L', 26.99, 0),
(679, 'EVAN WILLIAMS HONEY RSV 750ML', '750ML', 15.99, 33),
(680, 'EVAN WILLIAMS PEACH  750ML', '750ML', 15.99, 10),
(681, 'EVAN WILLIAMS VINTAGE 750ML', '750ML', 27.89, 0),
(682, 'EVAN WILLIAMS WHITE 750ML', '750ML', 16.99, 16),
(683, 'EVERCLEAR 1.75L', '1.75L', 36.99, 4),
(684, 'EXOTICO BLANCO TEQ  175L', '1.75L', 33.99, 6),
(685, 'EXOTICO BLANCO TEQ 50ML', '50ML', 0.99, 48),
(686, 'EXOTICO REPOSADO TEQ 750ML', '750ML', 16.99, 0),
(687, 'EZRA BROOKS 80 WHT LABEL 1.75L', '1.75L', 23.99, 6),
(688, 'EZRA BROOKS 80 WHT LABEL 750ML', '750ML', 13.99, 0),
(689, 'EZRA BROOKS 90 PROOF 1.75', '1.75L', 24.99, 13),
(690, 'EZRA BROOKS 90 PROOF 750ML', '750ML', 14.99, 5),
(691, 'FAIRBANKS PORT WINE', '750ML', 7.99, 10),
(692, 'FALL CREEK BLUSH  750ML', '750ML', 6.99, 0),
(693, 'FALL CREEK CHARD  750ML', '750ML', 8.49, 0),
(694, 'FAMILA CAMARENA REPO 750ML', '750ML', 28.99, 13),
(695, 'FAMILA CAMARENA SIL 750ML', '750ML', 26.99, 0),
(696, 'FAMOUS GROUSE 1.75L', '1.75L', 41.99, 20),
(697, 'FAMOUS GROUSE BLENDED SCOTCH 750ML', '750ML', 22.99, 19),
(698, 'FEVER TREE CLUB SOD PREMIUM 4 PK', '4 PK 8 OZ BTL', 7.49, 0),
(699, 'FEVER TREE GINGER ALE 4 PACK', '4PK', 7.49, 0),
(700, 'FEVER TREE TONIC WATER 4 PACK', '8PK 50ML', 7.49, 3),
(701, 'FEVER TREE TONIC WATER 4 PACK', '6PK', 7.49, 8),
(702, 'FIESTA SANGRIA FIESTA WINERY 750ML', '750ML', 15.99, 8),
(703, 'FIGHTING COCK 750ML', '750ML', 18.49, 10),
(704, 'FINEST CALL BLOODY MARY 1.0L', '1.0L', 7.49, 0),
(705, 'FINEST CALL GRENADINE 1L', '1.0L', 7.49, 6),
(706, 'FINEST CALL LOADED BLOODY MARY1.0L', '1.0L', 7.49, 19),
(707, 'FINEST CALL MAI TAI 1.0L', '1.0L', 7.49, 6),
(708, 'FINEST CALL MARGARITA 1.0L', '1.0L', 6.99, 0),
(709, 'FINEST CALL MOJITO 1.0L', '1.0L', 7.49, 1),
(710, 'FINEST CALL PASSION FR 1.0L', '1.0L', 6.99, 0),
(711, 'FINEST CALL PINA COLADO 1L', '1.0L', 7.49, 8),
(712, 'FINEST CALL PRICKLY PEAR 1.0L', '1.0L', 7.49, 11),
(713, 'FINEST CALL RASBERRY 1L', '1.0L', 7.49, 2),
(714, 'FINEST CALL STRAWBERRY 1.0L', '1.0L', 7.49, 5),
(715, 'FINEST CALL SWT/SOUR RTU 1.0L', '1.0L', 5.99, 0),
(716, 'FIREBALL 50ML 6 PACK', '50ML', 5.19, 985),
(717, 'FIREBALL BUCKET CINNAMON WHISKEY 20 PK PARTY', '50ML', 18.99, 28),
(718, 'FIREBALL CINN WSKY 50ML', '50ML', 0.99, 59),
(719, 'FIREBALL CINNAMON WHISKEY 75- PET', '750ML', 18.49, 27),
(720, 'FIREBALL CINNAMON WHISKY 200ML', '200ML', 5.99, 26),
(721, 'FIREBALL CINNAMON WHSKY 1.75L', '1.75L', 26.99, 51),
(722, 'FIREBALL CINNAMON WHSKY 100ML', '100ML', 2.29, 0),
(723, 'FIREBALL CINNAMON WHSKY 375ML', '375ML', 9.99, 24),
(724, 'FIREBALL CINNAMON WHSKY 750ML', '750ML', 16.49, 63),
(725, 'FIREBALL CINNMON WHISKEY 1.75 PET', '1.75L', 26.99, 4),
(726, 'FIREBALL WHISKEY 50 ML 10PK', '50ML', 9.99, 144),
(727, 'Flask 10oz', 'EACH', 5.49, 9),
(728, 'FLOR CANA ANEJO CLASICO RUM 5 YR 750ML', '7 OZ', 19.99, 3),
(729, 'FLOR CANA ANEJO GOLD 4YR 750ML', '750ML', 15.99, 13),
(730, 'FLOR CANA CENT 18YR 750ML', '750ML', 53.99, 1),
(731, 'FLOR CANA WHITE 4YR 1.75L', '1.75L', 27.99, 3),
(732, 'FLOR CANA WHITE 4YR 750ML', '750ML', 15.99, 7),
(733, 'FLUERS DE PRARIE FRENCH ROSE 750', '750ML', 17.49, 0),
(734, 'FOR CANA ANEJO ORO 4 YR RUM 1.75L', '1.75L', 27.99, 0),
(735, 'FORTY CREEK BARREL SLCT 750ML', '750ML', 26.99, 11),
(736, 'FORTY CREEK DBL BRL RSV 750ML', '750ML', 69.99, 0),
(737, 'FORTY CREEK SNGL BRL 375ML', '375ML', 13.99, 19),
(738, 'FOUR ROSES KENTUCKYT STRAIGHT BOURBON 750', '750ML', 24.49, 3),
(739, 'FOUR ROSES SMALL BATCH 750ML', '750ML', 39.99, 4),
(740, 'FRANCIS COPPOLA CLARET CAB SAUV 750', '750ML', 19.49, 10),
(741, 'FRANKLY VODKA 750ML', '750ML', 21.99, 10),
(742, 'FRANKLY VODKA APPLE 750ML', '750ML', 21.99, 11),
(743, 'FRANKLY VODKA GRAPEFRUIT 750ML', '750ML', 21.99, 10),
(744, 'FRANKLY VODKA POMEGRANITE 750ML', '750ML', 21.99, 18),
(745, 'FRANKLY VODKA STRAWBERRY 750ML', '750ML', 21.99, 54),
(746, 'FRANZIA CHARDONNAY 5.0L', '5.0L', 15.99, 1),
(747, 'FRANZIA CHILLABLE RED 5.0L', '5.0L', 14.99, 7),
(748, 'FRANZIA MERLOT 5.0L', '5.0L', 15.99, 2),
(749, 'FRANZIA SUNSET BLUSH 5.0L', '5.0L', 14.99, 22),
(750, 'FRANZIA WHT ZINF 5.0L', '5.0L', 15.99, 3),
(751, 'FRAPPACHATA ICED COFFEE 100ML', '100ML', 1.49, 38),
(752, 'FRAPPACHATA MOCHA ICED COFFEE 4 pk 200ML', '200ML', 3.99, 17),
(753, 'FRAPPACHATA MOCHA ICED COFFEE100ML', '100ML', 1.49, 0),
(754, 'FRESCA FLAVORED SODA 2L', '4.5OZ', 2.59, 5),
(755, 'FRESCA SODA 12 PK', '12 PK 12 OZ CAN', 6.99, 6),
(756, 'GALLO CAFE ZINFANDEL 1.5L', '1.5L', 10.49, 17),
(757, 'GALLO SHEF CREAM SHERRY 1.5L', '1.5L', 9, 0),
(758, 'GALLO VERMOTH EXTRA DRY750ML', '750ML', 7.99, 9),
(759, 'GALLO VERMOTH SWEET 750ML', '750ML', 7.99, 6),
(760, 'GARRISON BROS TX BBN 750ML', '750ML', 84.99, 6),
(761, 'GARRISON BROTHERS SINGLE BARREL 750', '750ML', 99.49, 6),
(762, 'GARRISON BROTHERS WHISKEY 375ML', '375ML', 39.99, 6),
(763, 'GENTLEMAN JACK 1.0L', '1.0L', 44.99, 12),
(764, 'GENTLEMAN JACK 1.75L', '1.75L', 59.99, 0),
(765, 'GENTLEMAN JACK 375ML', '375ML', 19.99, 35),
(766, 'GENTLEMAN JACK 750ML', '750ML', 29.99, 34),
(767, 'GEORGE T STAGG 750ML', '750ML', 51.99, 0),
(768, 'GEORGE T STAGG BOURBON 750', '750ML', 123.99, 2),
(769, 'GFV MOSCATO 1.5L', '1.5L', 8.99, 0),
(770, 'GFV TWIN VLY WHT ZINF 1.5L', '1.5L', 8.99, 5),
(771, 'GIFT BASKET KRAKEN RUM AND COFFEE MUG SET', 'EACH', 34.99, 0),
(772, 'GIFT BASKET TITO 750', 'EACH', 42.99, 0),
(773, 'GIFT SET 3 PK CONTAINER', '50ML', 8.99, 0),
(774, 'GIFT SET BASKET 50', '50ML', 8.99, 0),
(775, 'GIFT SET CROWN 50ML', 'EACH', 12.99, 0),
(776, 'GIFT SET JACK DANIEL BASKET 750', 'EACH', 34.99, 0),
(777, 'GIFT SET JELLO SHOT KIT 375', '375ML', 13.99, 2),
(778, 'GIFT SET SMALL CANISTER 50ML', 'EACH', 9.99, 0),
(779, 'GIFT SET TITO /BULL BASKET 750', 'EACH', 34.99, 0),
(780, 'GIFT SET WINE GLASS AND CHOCOLATE', 'EACH', 7.99, 1),
(781, 'GILBEY\'S GIN 750ML', '750ML', 10.49, 24),
(782, 'GILBEY\'S GIN PET 750ML', '750ML', 12.99, 5),
(783, 'GINGER ALE 1.0L', '1.0L', 1.99, 6),
(784, 'GINGER ALE 12 PK 12 OZ CN', '12 PK 12 OZ CAN', 4.99, 2),
(785, 'GINGER ALE 12OZ CAN', '12 OZ', 0.89, 8),
(786, 'GINGER ALE 16.9L', '1.0L', 1.99, 15),
(787, 'GINGER ALE 2.0L', '2.0L', 2.59, 5),
(788, 'GLENFIDDICH 12 YR 1.75L', '1.75L', 89.99, 4),
(789, 'GLENFIDDICH 12YR SINGLE SCOTCH 375ML', '375ML', 18.99, 25),
(790, 'GLENFIDDICH 12YR TIN 750ML', '750ML', 43.99, 8),
(791, 'GLENFIDDICH 14YR 750ML', '750ML', 52.99, 5),
(792, 'GLENFIDDICH 15YR SOLERA 750ML', '750ML', 66.99, 4),
(793, 'GLENFIDDICH 18 YR 750ML', '750ML', 114.99, 9),
(794, 'GLENFIDDICH 21 YR RSV 750ML', '750ML', 174.99, 6),
(795, 'GLENLIVET 12YR 1.75L', '1.75L', 99.99, 7),
(796, 'GLENLIVET 12YR 750ML', '750ML', 50.99, 5),
(797, 'GLENLIVET 12YR FIRST FILL 750ML', '750ML', 55.99, 4),
(798, 'GLENLIVET 12YR W/2GLS 750ML', '750ML', 41.99, 0),
(799, 'GLENLIVET 18YR 750ML', '750ML', 135.99, 0),
(800, 'GLENLIVET CARIBEAN SCOTCH 750', '750ML', 43.99, 6),
(801, 'GLENLIVET FOUNDERS RSV 750ML', '750ML', 42.99, 0),
(802, 'GLENLIVET SCOTCH 12YR 375ML', '375ML', 26.99, 2),
(803, 'GLENLIVET SCOTCH 15YR FRENCH OAK750ML', '750ML', 73.99, 6),
(804, 'GLENLIVET12YR SCOTCH 750ML', '750ML', 49.99, 6),
(805, 'GLENMORANGIE 10YR GIFT SET  750ML', '750ML', 54.99, 6),
(806, 'GLENMORANGIE ORIGINAL 750ML', '750ML', 54.99, 0),
(807, 'GLENMORANGIE SCOTCH 18YR', '750ML', 128.99, 1),
(808, 'GOLD RUSH WHISKEY 50ML', '50ML', 0.99, 11),
(809, 'GOLD RUSH WHISKEY 750ML', '750ML', 16.49, 0),
(810, 'GOLDSCHLAGER SCNAPPS 375ML', '375ML', 16.49, 3),
(811, 'GOLDSCHLAGER SCNAPPS 750ML', '750ML', 26.99, 3),
(812, 'GORDON\'S GIN 750ML', '750ML', 13.99, 8),
(813, 'GORDONS GIN 1.75L', '1.75L', 18.99, 0),
(814, 'GRAND MARNIER 200ML', '200ML', 12.99, 1),
(815, 'GRAND MARNIER 375ML', '375ML', 18.99, 18),
(816, 'GRAND MARNIER 750ML', '750ML', 38.99, 7),
(817, 'GREDADINE SYRUP CHERRY /POMEGRANITE 375ML', '375ML', 4.49, 12),
(818, 'GREEN APPLE DAYS WINE 750ML', '750ML', 14.99, 12),
(819, 'GREY G VODKA 1.75L', '1.75L', 63.99, 3),
(820, 'GREY G VODKA 375ML', '375ML', 13.99, 5),
(821, 'GREY G VODKA 750ML', '750ML', 32.99, 12),
(822, 'GUINESS DRAUGHT 6 PK 11.2 OZ BTL', '6 PK 12 OZ BTL', 9.49, 12),
(823, 'GUINESS STOUT 6 PK 12 OZ BTL', '6 PK 12 OZ BTL', 9.99, 9),
(824, 'GUINNESS DRAUGHT 4 PK 14.9 OZ CAN', '4 PK 14.9 OZ CAN', 8.49, 6),
(825, 'GUINNESS DRAUGHT 6 PACK', '6 PK 12 OZ CAN', 9.99, 7),
(826, 'GULF BREEZE BLANC DU BOIS 750ML', 'EACH', 17.99, 9),
(827, 'GULF BREEZE CAB WINE 750ML', '750ML', 22.99, 17),
(828, 'GULF BREEZE CHARDONNAY 750ML', '750ML', 21.49, 4),
(829, 'GULF BREEZE POMEGRANATE WILBERRY RED 750ML', '750ML', 14.99, 5),
(830, 'GULF BREEZE RASPBERRY 750ML', '750ML', 14.99, 2),
(831, 'GULF BREEZE SAUV BLANC 750ML', '750ML', 21.49, 11),
(832, 'HAKU JAPANESE CRAFT VODKA 750ML', '750ML', 33.99, 2),
(833, 'HAPPY TRAILS FIESTA WINERY 750ML', '750ML', 15.99, 2),
(834, 'HARTLEY BRANDI VSOP 750ML', '750ML', 9.49, 2),
(835, 'HEAVEN DOOR BOURBON 10YR 750ML', '750ML', 139.49, 0),
(836, 'HEAVEN HILL VODKA 1.75L', '1.75L', 12.99, 6),
(837, 'HEAVEN\'S DOOR BOURBON 750ML', '750ML', 46.99, 6),
(838, 'HEAVEN\'S DOOR WHISKEY 750ML', '750ML', 46.99, 12),
(839, 'HEINEKEN 6 PACK BOTTLE', '6 PK 12 OZ BTL', 9.49, 12),
(840, 'HENDRICKS GIN 1.0L', '1.0L', 43.99, 0),
(841, 'HENDRICKS GIN 1.75', '1.75L', 75.99, 4),
(842, 'HENDRICKS GIN 750ML', '750ML', 39.99, 8),
(843, 'HENDRICKS LIMITED EDITION ORBIUM GIN 750ML', '750ML', 42.99, 0),
(844, 'HENNESSY VS COGNAC 1.75L', '1.75L', 86.99, 4),
(845, 'HENNESSY VS COGNAC 200ML', '200ML', 13.49, 9),
(846, 'HENNESSY VS COGNAC 375ML', '375ML', 20.99, 31),
(847, 'HENNESSY VSOP COGNAC 200ML', '200ML', 14.49, 24),
(848, 'HENNESSY VSOP COGNAC 750ML', '750ML', 66.49, 12),
(849, 'HERRADURA ANEJO 750ML', '750ML', 59.99, 0),
(850, 'HERRADURA REPOSADO SQ 750ML', '750ML', 42.99, 5),
(851, 'HERRADURA SILVER 750ML', '750ML', 42.99, 6),
(852, 'HIGH NOON BLACK CHERRY 4PK', '4PK CAN', 9.99, 3),
(853, 'HIGH NOON GRAPEFRUIT 4PK', '4PK CAN', 9.99, 10),
(854, 'HIGH NOON GRAPEFRUIT VODKA  SODA 355ML', '355ML', 2.99, 12),
(855, 'HIGH NOON LIME SELTZER', 'EACH', 2.99, 4),
(856, 'HIGH NOON LIME SELTZER 4PK', '8PK 50ML', 9.99, 8),
(857, 'HIGH NOON PEACH 4PK', '4 PK 12 OZ BTL', 10.99, 13),
(858, 'HIGH NOON PINEAPPLE 4PK', '4PK CAN', 9.99, 6),
(859, 'HIGH NOON PINEAPPLE VODKA SODA 355ML', '355ML', 2.99, 4),
(860, 'HIGH NOON WATERMELON 4PK', '4PK CAN', 9.99, 8),
(861, 'HIGH NOON WATERMELON VODKA SODA 355ML', '355ML', 2.99, 9),
(862, 'HIGHLAND MIST SC 4YR 750ML', '750ML', 11.49, 26),
(863, 'HIJOS DE VILLA TEQ RIFLE 1.0L', '1.0L', 139.99, 3),
(864, 'HIJOS TEQ PSTOL REPOSADO 200ML', '200ML', 25.99, 8),
(865, 'HIJOS TEQ REVOLVER SILV 200ML', '200ML', 25.99, 4),
(866, 'HIRAM WALKER BLUE CURACO 1L', '1.0L', 9.99, 6),
(867, 'HIRAM WALKER BUTTERSCOTCH FLAVORED SCHNAPPS 1L', '1.0L', 11.99, 7),
(868, 'HIRAM WALKER PEACH SCHNAPPS 1.0L', '1.0L', 13.99, 9),
(869, 'HONEYMOON MEAD WINE 750', '750ML', 19.99, 4),
(870, 'HOPADILLO IPA 6 PK 12 OZ CAN', '6 PK 12 OZ CAN', 9.99, 12),
(871, 'HORINITOS REPO TEQUIA 375ML', '375ML', 15.99, 10),
(872, 'HORNITOS TEQUILA REPO 375', '375ML', 13.99, 18),
(873, 'HORNITOS VODKA PLATA 375ML', '375ML', 15.99, 42),
(874, 'HPNOTIQ 750ML', '750ML', 27.99, 6),
(875, 'IRISHMAN  IRISH WHISKEY 750', '750ML', 36.49, 5),
(876, 'J & B SCOTCH RARE 750ML', '750ML', 25.99, 10),
(877, 'J CUERVO CLASICO 1.0L', '1.0L', 25.39, 12),
(878, 'J CUERVO ESP GOLD 1.75L', '1.75L', 39.99, 36),
(879, 'J CUERVO ESP GOLD 200ML', '200ML', 8.49, 24),
(880, 'J CUERVO ESP SILVER 375ML', '375ML', 12.99, 7),
(881, 'J CUERVO LIME MARG MIX 1.0L', '1.0L', 6.99, 1),
(882, 'J CUERVO MANGO MARG MIX 1.75L', '1.75L', 7.99, 12),
(883, 'J CUERVO MARG LIME LT MIX 1.75L', '1.75L', 22.99, 16),
(884, 'J CUERVO MARG STRAW LIME 1.75L', '1.75L', 22.49, 5),
(885, 'J CUERVO MARGARITA SALT 6.25OZ', '6.25OZ', 3.99, 16),
(886, 'J CUERVO STRAWB MARG MIX 1.75L', '1.75L', 6.99, 0),
(887, 'J CUERVO STRAWB MARG MIX 1.75L', '1.75L', 7.99, 16),
(888, 'J CUERVO TEQ FILLED CHOCOLATE', 'EACH', 8.99, 2),
(889, 'J CUERVO TRADNL SILVER 750ML', '750ML', 27.99, 24),
(890, 'J WALKER BLACK 1.75L', '1.75L', 76.99, 4),
(891, 'J WALKER BLACK 375ML', '375ML', 21.99, 29),
(892, 'J WALKER BLACK 750ML', '750ML', 42.99, 9),
(893, 'J WALKER BLUE 750ML', '750ML', 269.99, 0),
(894, 'J WALKER RED 1.75L', '1.75L', 49.99, 3),
(895, 'J WALKER RED 375ML', '375ML', 16.99, 23),
(896, 'J WALKER RED 750ML', '750ML', 29.99, 15),
(897, 'JACK & COLA RTD 355ML', '355ML', 2.99, 0),
(898, 'JACK DANEL\'S APPLE 50ML', '50ML', 1.49, 4),
(899, 'JACK DANIEL 50ML', '50ML', 2.29, 56),
(900, 'JACK DANIEL APPLE 750ML', '750ML', 22.49, 9),
(901, 'JACK DANIEL BLACK 1.0L', '1.0L', 33.49, 12),
(902, 'JACK DANIEL BLACK 1.75L', '1.75L', 43.99, 8),
(903, 'JACK DANIEL BLACK 200ML', '200ML', 9.99, 5),
(904, 'JACK DANIEL BLACK 375ML', '375ML', 12.99, 24),
(905, 'JACK DANIEL BLACK 750ML', '750ML', 26.99, 42),
(906, 'JACK DANIEL BLACK W/2GLS 750ML', '750ML', 22.99, 0),
(907, 'JACK DANIEL BLACK W/coke 1.75L', '1.75L', 43.99, 43),
(908, 'JACK DANIEL GREEN 1.75L', '1.75L', 44.99, 7),
(909, 'JACK DANIEL GREEN 750ML', '750ML', 21.99, 12),
(910, 'JACK DANIEL HONEY LIQ 1.0L', '1.0L', 33.99, 0),
(911, 'JACK DANIEL HONEY LIQ 375ML', '375ML', 14.99, 12),
(912, 'JACK DANIEL HONEY LIQ 750ML', '750ML', 24.99, 10),
(913, 'JACK DANIEL RYE 750ML', '750ML', 23.99, 3),
(914, 'JACK DANIEL SNGL BRL 750ML', '750ML', 53.99, 3),
(915, 'JACK DANIEL WINTER JACK 750ML', '750ML', 14.99, 0),
(916, 'JACK DANIEL\'S FUDGE CARMEL TIN', 'EACH', 32.49, 4),
(917, 'JACK DANIEL\'S WITH COKE 1.75ML', '1.75L', 47.99, 0),
(918, 'JACK DANIELS APPLE 375', '375ML', 12.99, 11),
(919, 'JACK DANIELS TENNESSEE HONEY 1.75L', '1.75L', 49.99, 23),
(920, 'JACK DANIELS TENNESSEE HONEY W LEMONADE1.75L', '1.75L', 47.99, 3),
(921, 'JACK DANIELS WITH COKE 750ML', '750ML', 26.99, 0),
(922, 'JACKSON MORGAN BANNA PUDDING LIQUEUR 750ML', '750ML', 22.99, 17),
(923, 'JACKSON MORGAN PEACHES & CREAM 750ML', '750ML', 22.99, 0),
(924, 'JACKSON MORGAN SALTED CARMEL LIQUEUR 750ML', '750ML', 22.99, 12),
(925, 'JAGERMEISTER 1.75L', '1.75L', 48.99, 4),
(926, 'JAGERMEISTER 375ML', '375ML', 13.99, 30),
(927, 'JAGERMEISTER 50ML', '50ML', 2.99, 49),
(928, 'JAGERMEISTER 750ML', '750ML', 24.99, 22),
(929, 'JAGERMISTER COLD BREW 750ML', '750ML', 24.99, 1),
(930, 'JAGERMISTER COOLPACK 375ML', '375ML', 13.99, 25),
(931, 'JAMESON BLACK BARREL 750ML', '750ML', 36.99, 5),
(932, 'JAMESON COLD BREW IRISH WHISKEY 750ML', '750ML', 28.99, 3),
(933, 'JAMESON IRISH 12 YR 750ML', '750ML', 65.99, 12),
(934, 'JAMESON IRISH 375ML', '375ML', 17.99, 22),
(935, 'JAMESON IRISH 750ML', '750ML', 28.99, 52),
(936, 'JAMESON IRISH CASKMATES 750ML', '750ML', 28.99, 10),
(937, 'JAMESON IRISH WHISKEY 50ML', '50ML', 3.49, 116),
(938, 'JEFFERSON\'S OCEAN BOURBON WHISKEY 750ML', '750ML', 83.99, 6),
(939, 'JIM BEAM APPLE 375ML', '375ML', 10.99, 8),
(940, 'JIM BEAM APPLE 50ML', '50ML', 1.04, 87),
(941, 'JIM BEAM APPLE 750ML', '750ML', 18.99, 12),
(942, 'JIM BEAM BBN 4YR WITH ASTROS GLS SET 750ML', '750ML', 19.99, 16),
(943, 'JIM BEAM BLACK 8YR 1.75L', '1.75L', 38.99, 0),
(944, 'JIM BEAM BLACK 8YR 750ML', '750ML', 23.99, 7),
(945, 'JIM BEAM BLACK 8YR GIFT 750ML', '750ML', 24.99, 12),
(946, 'JIM BEAM BOURBON 4YR 1.0L', '1.0L', 25.99, 3),
(947, 'JIM BEAM BOURBON 4YR 1.75L', '1.75L', 29.49, 15),
(948, 'JIM BEAM BOURBON 4YR 200ML', '200ML', 6.99, 76),
(949, 'JIM BEAM BOURBON 4YR 375ML', '375ML', 10.99, 50),
(950, 'JIM BEAM BOURBON 4YR 750ML', '750ML', 19.99, 92),
(951, 'JIM BEAM BOURBON 4YR TRAVEL 750ML', '750ML', 21.99, 3),
(952, 'JIM BEAM BOURBON BONDED 750ML', '750ML', 23.99, 12),
(953, 'JIM BEAM BOURBON CHOCOLATES', 'EACH', 17.49, 0),
(954, 'JIM BEAM BOURBON KY FIRE 750ML', '750ML', 21.99, 10),
(955, 'JIM BEAM BOURBRON HONEY 750ML', '750ML', 18.99, 16),
(956, 'JIM BEAM DEVIL\'S CUT 375ML', '375ML', 11.99, 1),
(957, 'JIM BEAM HONEY 50ML', '50ML', 0.99, 9),
(958, 'JIM BEAM HONEY 50ML', '50ML', 1.49, 100),
(959, 'JIM BEAM HONEY WHISKEY 375ML', '375ML', 10.99, 12),
(960, 'JIM BEAM MAPLE 4YR 1.75L', '1.75L', 30.99, 0),
(961, 'JIM BEAM PEACH 1.75L', '1.75L', 29.99, 1),
(962, 'JIM BEAM PEACH 50ML', '50ML', 1.49, 56),
(963, 'JIM BEAM PEACH 750ML', '750ML', 18.99, 16),
(964, 'JIM BEAM RED STAG 750ML', '750ML', 19.99, 4),
(965, 'JIM BEAM RED STAG 750ML', '750ML', 21.99, 6),
(966, 'JIM BEAM RYE 750ML', '750ML', 25.99, 0),
(967, 'JIM BEAM SGL BARREL 750ML', '750ML', 36.99, 0),
(968, 'JIM BEAM VANILLA WHISKEY 375ML', '375ML', 10.99, 6),
(969, 'JOHNIEE WALKER THRONE WHITE SCOTCH 750ML', '750ML', 36.49, 5),
(970, 'JOHNNIE WALKER SONG OF FIRE 750ML', '750ML', 36.49, 3),
(971, 'JOHNNIE WALKER SONG OF ICE 750ML', '750ML', 36.49, 4),
(972, 'JOIA GIMLET GIN 120Z 4PK', '4 PK 12 OZ BTL', 12.49, 16),
(973, 'JOIA SPARKLING GREYHOUND 355ML', '355ML', 3.19, 4),
(974, 'JOIA SPARKLING GREYHOUND 4 PK', '4PK 12OZ', 11.99, 8),
(975, 'JOIA SPARKLING MOSCOW MULE 355ML', '4PK', 3.19, 6),
(976, 'JOIA SPARKLING MOSCOW MULE 4PK', '355ML', 11.99, 7),
(977, 'JOIA VODKA LIME 4PK', '4 PK 12 OZ BTL', 12.49, 2),
(978, 'JOSE CUERVO', '1.75L', 39.99, 19),
(979, 'JOSE CUERVO 200ML 6 PK', '6PK', 9.99, 1),
(980, 'JOSE CUERVO BLUE AGAVE SILVER 375ML', '375ML', 12.99, 14),
(981, 'JOSE CUERVO DARK CHOCOLATE TEQUILA FILL CANDY', 'EACH', 8.99, 6),
(982, 'JOSE CUERVO ESPECIAL SILVER TEQUILA 750ML', '750ML', 22.99, 3),
(983, 'JOSE CUERVO GOLD  ESPECIAL', '750ML', 22.99, 23),
(984, 'JOSE CUERVO GOLD WITH MIX 750ML', '750ML', 22.99, 4),
(985, 'JOSE CUERVO MARGRITA RTD', '1.75L', 22.99, 4),
(986, 'JOSE CUERVO REPO TRADICIONAL', '750ML', 24.99, 2),
(987, 'JOSE CUERVO RTD GRAPFRUIT TANGERINE', '1.75L', 20.49, 1),
(988, 'JOSE CUERVO SILVER 50ML', '50ML', 1.99, 33),
(989, 'JOSE CUERVO SILVER BLUE AGAVE 1.75ML', '1.75L', 39.99, 4),
(990, 'JOSE CUERVO SILVER TRADICIONAL 750ML', '750ML', 24.99, 2),
(991, 'JOSH CABERNET WINE 750ML', '750ML', 15.99, 14),
(992, 'JOSH CELLAR CAB SAUV 375ML', '375ML', 6.99, 11),
(993, 'JOSH CELLAR CHARDONNAY 375ML', '375ML', 6.99, 11),
(994, 'JOSH PROSECCO 750ML', '750ML', 13.99, 15),
(995, 'JUAREZ SLIVER TEQUILA 1L', '1.0L', 15.99, 10),
(996, 'JUAREZ TEQUILA GOLD 1.75L', '1.75L', 25.99, 8),
(997, 'JUAREZ TEQUILA GOLD 1L', '1.0L', 12.99, 39),
(998, 'JUAREZ TEQUILA SILVER 1.75L', '1.75L', 27.99, 16),
(999, 'JUAREZ TEQUILA SILVER 750ML', '750ML', 11.99, 0),
(1000, 'JUICE TOMATO 6 PACK CAN 5.5OZ', '6PK 6OZ', 3.99, 3),
(1001, 'JULES PERCHARD TRIPLE SEC 1.0L', '1.0L', 7.99, 0),
(1002, 'JUST PEACHY WINE 750ML', '750ML', 14.99, 5),
(1003, 'KAHLUA DTG MUDSLIDE 200ML SG', '200ML', 1.99, 0),
(1004, 'KAHLUA DTG RAS WH RUS 200ML SG', '200ML', 1.89, 0),
(1005, 'KAHLUA DTG WHITE RUSS 200ML SG', '200ML', 1.89, 24),
(1006, 'KAHLUA ESPECIAL LIQ 750ML', '750ML', 26.99, 12),
(1007, 'KAHLUA LIQ 1.75L', '1.75L', 48.99, 4),
(1008, 'KAHLUA LIQ 375ML', '375ML', 17.99, 17),
(1009, 'KAHLUA LIQ 750ML', '750ML', 22.99, 4),
(1010, 'KAHLUA RTD ORGL MUDSLIDE 1.75L', '1.75L', 14.99, 6),
(1011, 'KAHLUA RTD WHITE RUSSIAN 1.75L', '1.75L', 14.99, 15),
(1012, 'KAHLUA SALTED CARMEL 750ML', '750ML', 23.99, 5),
(1013, 'KAHLUA VANILLA LIQ 750ML', '750ML', 22.99, 3),
(1014, 'KAHULA MUDSLIDE RUM LIQUEOR 4 PK', '4PK', 6.99, 2),
(1015, 'KAMORA COFFEE LIQUEUR GFT PACK 750ML', '750ML', 15.99, 6),
(1016, 'KARBACH CRAWFORD BOCK 6PK', '6 PK 12 OZ BTL', 9.99, 7),
(1017, 'KARS SWEET SALTY MIX', 'EACH', 1.29, 17),
(1018, 'KENTUCKY DELUXE BLEND 1.0L', '1.0L', 8.99, 18),
(1019, 'KENTUCKY DELUXE BLEND 200ML', '200ML', 2.99, 55),
(1020, 'KENTUCKY DELUXE BLEND 375ML', '375ML', 3.99, 20),
(1021, 'KENTUCKY DELUXE BLEND 750ML', '750ML', 6.99, 19),
(1022, 'KENTUCKY DELUXE BLEND WHSKY 1.75', '1.75L', 14.99, 14),
(1023, 'KENTUCKY GENTLEMAN 1.75L', '1.75L', 13.49, 30),
(1024, 'KENTUCKY GENTLEMAN 750 PET', '750ML', 6.99, 5),
(1025, 'KENTUCKY GENTLEMAN GLS 750ML', '750ML', 6.99, 0),
(1026, 'KENTUCKY GENTLEMAN WHISKEY 375 ML', '375ML', 4.99, 0),
(1027, 'KENTUCKY TAVERN BOURBON 1.75L', '1.75L', 18.99, 38),
(1028, 'KETEL ONE CITROEN VODKA 750ML', '750ML', 29.49, 9),
(1029, 'KETEL ONE GRAPEFRUIT ROSE VODKA 750ML', '750ML', 26.99, 8),
(1030, 'KETEL ONE VODKA 1.75L', '1.75L', 42.99, 11),
(1031, 'KETEL ONE VODKA 750ML', '750ML', 24.99, 10),
(1032, 'KETEL ONE W/GLASS', '750ML', 27.99, 0),
(1033, 'KEYSTONE LIGHT 15 PK 12 OZ CAN', '30 PACK 12 OZ CAN', 9.99, 1),
(1034, 'KIM CRAWFORD SAUVIGNON BLANC', '750ML', 18.49, 5),
(1035, 'KINKY ALOHA 750ML', '750ML', 18.99, 7),
(1036, 'KINKY COCKTAIL BLUE 6PK', '6 PK 12 OZ', 9.99, 6),
(1037, 'KINKY COCKTAIL PINK 6PK', '6 PK 12 OZ BTL', 9.99, 8),
(1038, 'KINKY COCKTAIL RED 6PK', '6 PK 12 OZ BTL', 9.99, 7),
(1039, 'KINKY COCKTAILS ALOHA 6PK', '6 PK 12 OZ BTL', 9.99, 5),
(1040, 'KINKY GREEN 750ML', '750ML', 18.99, 9),
(1041, 'KINKY RED 750ML', '750ML', 18.99, 23),
(1042, 'KJ CHARDONNAY 750ML', '750ML', 13.99, 40),
(1043, 'KJ RIESLING 750ML', '750ML', 9, 0),
(1044, 'KNOB CREEK 9YR 750ML', '750ML', 34.99, 2),
(1045, 'KNOB CREEK BOURBON 375ML', '750ML', 19.49, 8),
(1046, 'KNOB CREEK SNGL BRL RSV 750ML', '750ML', 49.99, 0),
(1047, 'KOOZIE HILLTOP', 'EACH', 1.49, 38),
(1048, 'KORBEL BRUT 750ML', '750ML', 15.99, 12),
(1049, 'KRAKEN 50ML', '50ML', 1.99, 33),
(1050, 'KRAKEN BLACK ROAST COFEE RUM 750', '750ML', 19.49, 7),
(1051, 'KRAKEN BLACK SPICED RUM 1.75L', '1.75L', 31.99, 5),
(1052, 'KRAKEN BLACK SPICED RUM 375ML', '375ML', 12.99, 8),
(1053, 'KRAKEN BLACK SPICED RUM 750ML', '750ML', 21.99, 50),
(1054, 'LA CREMA PINOT NOIR 750', '750ML', 21.99, 16),
(1055, 'LAMARCA PROSECCO 750ML', '750ML', 16.99, 12),
(1056, 'LAPHORAG SCOTCH 10YR 750ML', '750ML', 52.99, 0),
(1057, 'LAPHROAIG 15YR SCOTCH 750ML', '750ML', 78.99, 0),
(1058, 'LARCENY VS BARELL PROOF 750ML', '750ML', 54.99, 0),
(1059, 'LARCENY VS SMALL BATCH 750ML', '750ML', 24.99, 18),
(1060, 'LARGE GIFT BAG', 'EACH', 2.49, 7),
(1061, 'LAVACA BLUFF LA BELLE 750ml', '750ML', 23.99, 7),
(1062, 'LAVACA BLUFF MAGNOLIA 750ml', '750ML', 23.99, 6),
(1063, 'LAVACA BLUFF RED BLUFF GRAPE WINE 750ML', '750ML', 23.99, 7),
(1064, 'LAVACA BLUFFS ARANSAS PASS WATERMELON  750ML', 'EACH', 23.99, 19),
(1065, 'LAVACA BLUFFS BLACKBERRY MATAGORDA MERLOT 750ML', '750ML', 23.99, 8),
(1066, 'LAVACA BLUFFS BLESSING CABERNET 750ML', '750ML', 23.99, 1),
(1067, 'LAVACA BLUFFS LIVELY BLANC DU BOIS 750ML', '750ML', 23.99, 12),
(1068, 'LEGACY BOURBON 750ML', '750ML', 24.99, 6),
(1069, 'LEGENT BOURBON WHISKEY 750ML', '750ML', 41.99, 5),
(1070, 'LIBERTY COUNTY TX 175ML', '1.75L', 19.49, 22),
(1071, 'LIBERTY COUNTY TX VODKA 750ML', '750ML', 12.99, 14),
(1072, 'LIME JUICE SWEENTED', 'EACH', 3.49, 8),
(1073, 'LINDEMAN CAB/MRLT BIN 80 1.5L', '1.5L', 10.99, 0),
(1074, 'LINDEMAN CAB/MRLT BIN 80 750ML', '750ML', 6.99, 0),
(1075, 'LIQUOR POURER SPOUT', 'EACH', 5.99, 1),
(1076, 'LLANO BLUSH 750ML', '750ML', 8.99, 13),
(1077, 'LLANO PINOT GRIGIO 750ML', '750ML', 9.99, 0),
(1078, 'LLANO SIG RED 750ML', '750ML', 9.99, 12),
(1079, 'LLANO SIG ROSE 750ML', '750ML', 8.49, 5),
(1080, 'LLANO SIG WHITE 2007Y 750ML', '750ML', 11.99, 0),
(1081, 'LLANO SWEET RED 750ML', '750ML', 7.99, 16),
(1082, 'LONE STAR  6 PK 12 OZ BTL', '6 PK 12 OZ BTL', 6.49, 18),
(1083, 'LONE STAR LIGHT 6 PK 12 OZ BTL', '6 PK 12 OZ BTL', 8.99, 4),
(1084, 'LONE STAR LIGHT 6 PK 16 OZ CAN', '6 PK 16 OZ CAN', 4.99, 12),
(1085, 'LONG BRANCH WID TURKEY 750ML', '750ML', 39.99, 0),
(1086, 'LOVE STREET KARBACH BEER 6 PACK', '48 OZ', 9.99, 9),
(1087, 'LUCID ABSINTHE WINE  750ML', '750ML', 49.99, 1),
(1088, 'LUKSUSOWA 750ML', '750ML', 15.99, 12),
(1089, 'LVOV POTATO VODKA 1.75L', '1.75L', 19.49, 29),
(1090, 'LVOV POTATO VODKA 750ML', '750ML', 12.99, 6),
(1091, 'M&R VERMOUTH DRY 18% 750ML', '750ML', 10.99, 2),
(1092, 'M&R VERMOUTH SWEET 16% 750ML', '750ML', 10.99, 0),
(1093, 'MACALLAN 12YR 750ML', '750ML', 69.99, 19),
(1094, 'MACALLAN 15YR 750ML', '750ML', 104.99, 0),
(1095, 'MACALLAN 17YR 750ML', '750ML', 177.99, 0),
(1096, 'MAKERS MARK 46 750ML', '750ML', 45.99, 5),
(1097, 'MAKERS MARK BOURBON 1.75L', '1.75L', 57.99, 22),
(1098, 'MAKERS MARK BOURBON 375ML', '375ML', 18.99, 0),
(1099, 'MAKERS MARK BOURBON 750ML', '750ML', 29.99, 26),
(1100, 'MAKERS MARK CASK 750ML', '750ML', 57.99, 0),
(1101, 'MALFY GIN LIMONE 750ML', '750ML', 30.99, 2),
(1102, 'MALFY GIN ORIGINALE 750ML', '750ML', 30.99, 6),
(1103, 'MALIBU BLACK 750ML', '750ML', 23.99, 11),
(1104, 'MALIBU COCO W/PINAPL JUC 1.75L', '1.75L', 28.99, 118),
(1105, 'MALIBU COCONUT 1.0L', '1.0L', 25.99, 0),
(1106, 'MALIBU COCONUT 750ML', '750ML', 17.99, 30),
(1107, 'MALIBU COCONUT PET 1.75L', '1.75L', 28.99, 20),
(1108, 'MALIBU COCONUT PET 375ML', '375ML', 10.99, 7),
(1109, 'MALIBU ISLAND SPICE 750ML', '750ML', 21.99, 6),
(1110, 'MALIBU LIME 750ML', '750ML', 19.99, 7),
(1111, 'MALIBU MANGO 750ML', '750ML', 19.99, 11),
(1112, 'MALIBU PINEAPPLE 750ML', '750ML', 19.99, 13),
(1113, 'MALIBU RTD PINEAPPLE 4PK CAN', '4PK CAN', 10.49, 0),
(1114, 'MALIBU RTD PINK LMNADE 4PK CAN', '4PK CAN', 10.49, 0),
(1115, 'MALIBU STRAWBERRY  1.0L', '1.0L', 25.99, 19),
(1116, 'MALIBU STRAWBERRY KIWI 4 PK', '4PK CAN', 10.49, 0),
(1117, 'MALIBU STRAWBERRY RUM 750', '750ML', 19.99, 12),
(1118, 'MARTELL VS 750ML', '750ML', 37.99, 12),
(1119, 'MASSON PEACH BRANDY 200ML', '200ML', 5.99, 24),
(1120, 'MASTER\'S KEEP WILD TURKEY BOND 750ML', '750ML', 179.99, 0),
(1121, 'MATUA SAUV BLANC WINE 750ML', '750ML', 15.99, 6),
(1122, 'MC CORMICK CHERRY VODKA 1.75ML', '750ML', 14.99, 0),
(1123, 'McCLELLAND\'S SINGLE MALT SCOTCH 750 ML', '750ML', 25.99, 3),
(1124, 'MCCLELLANDS SINGLE MALT 750ML', '750ML', 26.99, 12),
(1125, 'MCCORM GIN TRAV 750ML', '750ML', 7.49, 2),
(1126, 'MCCORM TRIPLE SEC 1.0L', '1.0L', 6.99, 8),
(1127, 'MCCORM VODKA 80 PET 1.0L', '1.0L', 8.99, 12),
(1128, 'MCCORM VODKA 80 PET 1.75L', '1.75L', 18.99, 1),
(1129, 'MCCORM VODKA 80 PET 375ML', '375ML', 5.99, 15),
(1130, 'MCCORM VODKA 80 TRAV 750ML', '750ML', 8.99, 26),
(1131, 'MCCORM WHISKEY BLEND PET 1.75L', '1.75L', 15.99, 4),
(1132, 'MCCORM WHISKEY BLEND PET 375ML', '375ML', 6.99, 8),
(1133, 'MCCORM WHISKEY BLEND PET 750ML', '750ML', 9.99, 7),
(1134, 'MEAD RASBERRY 750ML', '750ML', 19.99, 13),
(1135, 'MEIOMI PINOT NOIR WINE 750 ML', '750ML', 24.49, 5),
(1136, 'MENAGE A TROIS RED 750ML', '750ML', 12.99, 6),
(1137, 'MESSINA ANGEL  RIESLING 750ML', '750ML', 16.49, 8),
(1138, 'MESSINA BARREL CAB RSV 750ML', '750ML', 12.49, 12),
(1139, 'MIA DOLCEA MOSCATO WINE 750ML', '750ML', 13.99, 7),
(1140, 'MICHELOB ULTRA 25OZ CAN', '25 OZ SGL CAN', 2.99, 26),
(1141, 'MICHELOB ULTRA LIME', '6 PK 12 OZ BTL', 10.99, 9),
(1142, 'MICHELOB ULTRA PEAR LIME 6PK BOTTLES', '6 PK 12 OZ', 10.99, 11),
(1143, 'MILAGRO SILVER BARREL 750ML', '750ML', 43.99, 5),
(1144, 'MILLER LITE 24 OZ', 'EACH', 2.99, 47),
(1145, 'MIMOSA MANGO SOLEIL 750', '750ML', 10.69, 8),
(1146, 'MINUTE MAID LEMONADE 16.9OZ', '16.9 OZ', 1.19, 7),
(1147, 'MINUTE MAID LEMONADE 2.0L', '2.0L', 2.59, 0),
(1148, 'MINUTE MAID OJ 6 PAK 10OZ', '6PK LN', 4.99, 10),
(1149, 'MIRASSOU PINOT NOIR 750ML', '750ML', 11.99, 5),
(1150, 'MODELO ESPECIAL 12 PK BTL', '12 PK 12 OZ BTL', 19.99, 4),
(1151, 'MODELO ESPECIAL 6 PK 12 OZ BTL', '6 PK 12 OZ BTL', 10.49, 13),
(1152, 'MOND MERLOT PVT SEL 750ML', '750ML', 9.99, 13),
(1153, 'MOND P NOIR PVT SEL 750ML', '750ML', 9.99, 12),
(1154, 'MONKEY SHOULDER  1.75L', '1.75L', 62.99, 4),
(1155, 'MONKEY SHOULDER 750ML', '750ML', 32.99, 6),
(1156, 'MONTE ALBAN MEZCAL 750ML', '750ML', 24.99, 14),
(1157, 'MONTEZUMA TEQ GOLD 1.75L', '1.75L', 21.49, 7),
(1158, 'MONTEZUMA TEQ WHITE 1.75L', '1.75L', 25.99, 8),
(1159, 'MORALES GOLD BLUE AGAVE 750ML', '1.0L', 9.99, 4),
(1160, 'MORALES GOLD TEQ 1.0L', '1.0L', 14.99, 9),
(1161, 'MORALES GOLD TEQULIA 1.75ML', '1.75L', 18.99, 7),
(1162, 'MORALES RESERVA REPOSADO W 2 GLS 750ML', '750ML', 20.99, 9),
(1163, 'MORALES SILVER TEQ 1.0L', '1.0L', 9.99, 0),
(1164, 'MORALES SILVER TEQUILA 1.75ML', '1.75L', 18.99, 21),
(1165, 'MR MRS T BLOODY MARY B&S 1.75ML', '1.75L', 6.99, 15),
(1166, 'MR MRS T BLOODY MARY MIX 1.75ML', '1.75L', 7.99, 1),
(1167, 'MR MRS T MARGARITA MIX 64OZ', '64OZ', 6.49, 0),
(1168, 'MSTR MARGARITA MIX 1.0L', '1.0L', 5.99, 4),
(1169, 'MSTR MIX BLOODY MARY 1.75L', '1.75L', 6.49, 0),
(1170, 'MSTR MIX PINA COLADA 1.75L', '1.75L', 7.99, 6),
(1171, 'MSTR MIX PINA COLADA 750ML', '750ML', 5.99, 5),
(1172, 'MSTR MIX STRAW DAQ 1.0L', '1.0L', 5.99, 12),
(1173, 'MSTR MIX SWEET N SOUR 1.0L', '1.0L', 5.99, 11),
(1174, 'MSTR MIX TOM COLLINS 1.0L', '1.0L', 5.99, 7),
(1175, 'MSTR MIX WHISKEY SOUR 1.0L', '1.0L', 5.99, 12),
(1176, 'MYERS JAMAICAN ORIGINAL DARK RUM 750ML', '750ML', 24.99, 1),
(1177, 'NEW AMSTERDAM  RASEBERRY VODKA 375ML', '375ML', 6.49, 12),
(1178, 'NEW AMSTERDAM APPLE VODKA 50ML', '50ML', 0.99, 50),
(1179, 'NEW AMSTERDAM APPLE VODKA 750ML', '750ML', 18.99, 3),
(1180, 'NEW AMSTERDAM BERRY VODKA 750ML', '750ML', 14.99, 12),
(1181, 'NEW AMSTERDAM GIN 375ML', '375ML', 9.99, 0),
(1182, 'NEW AMSTERDAM GIN 750ML', '750ML', 18.99, 7),
(1183, 'NEW AMSTERDAM GRAPEFRUIT VODKA 50ML', '50ML', 0.99, 44),
(1184, 'NEW AMSTERDAM LEMON  VODKA 375ML', '375ML', 6.49, 2),
(1185, 'NEW AMSTERDAM LONDON GIN 750ML', '750ML', 18.99, 0),
(1186, 'NEW AMSTERDAM MANGO VODKA 50ML', '50ML', 0.99, 54),
(1187, 'NEW AMSTERDAM PEACH VODKA 375ML', '375ML', 6.49, 13),
(1188, 'NEW AMSTERDAM PEACH VODKA 750ML', '750ML', 18.99, 12),
(1189, 'NEW AMSTERDAM PINEAPPLE VODKA 375ML', '375ML', 6.49, 1),
(1190, 'NEW AMSTERDAM PINEAPPLE VODKA 50ML', '50ML', 0.99, 143),
(1191, 'NEW AMSTERDAM PINEAPPLE VODKA 750ML', '750ML', 14.99, 3),
(1192, 'NEW AMSTERDAM PINK WHITNEY VODKA 750ML', '750ML', 18.99, 4),
(1193, 'NEW AMSTERDAM RASEBERRY VODKA 50ML', '50ML', 0.99, 0),
(1194, 'NEW AMSTERDAM RASPBERRY VODKA 750ML', '750ML', 18.99, 9),
(1195, 'NEW AMSTERDAM RED BERRY VODKA 375ML', '375ML', 6.49, 6),
(1196, 'NEW AMSTERDAM RUBY RED VODKA 750ML', '750ML', 18.99, 3),
(1197, 'NEW AMSTERDAM VODKA 375ML', '375ML', 6.49, 2),
(1198, 'NEW AMSTERDAM VODKA 750ML', '750ML', 18.99, 6),
(1199, 'NEWCASTLE ALE 5.0L', '5.0L', 27.99, 1),
(1200, 'OAK & EDEN WHISKEY 750ML', '750ML', 39.49, 27),
(1201, 'OLD CHARTER 8YR    1.75ML', '1.75L', 30.49, 11),
(1202, 'OLE SMOKEY APPLE PIE MOONSHINE 750ML', '750ML', 19.99, 26),
(1203, 'OLE SMOKEY BUTTER PECAN MOONSHINE 750ML', '750ML', 20.99, 3),
(1204, 'OLE SMOKEY CHARRED HONEY MOONSHINE 750ML', '750ML', 17.99, 2),
(1205, 'OLE SMOKEY CHERRY MOONSHINE 750ML', '750ML', 19.99, 9),
(1206, 'OLE SMOKEY CINNAMON MOONSHINE 750ML', '750ML', 19.99, 7),
(1207, 'OLE SMOKEY MOONSHINE APPLE 750ML', '750ML', 19.99, 14),
(1208, 'OLE SMOKEY PEACHES 750ML', '750ML', 19.99, 5),
(1209, 'OLE SMOKEY PICKLES MOONSHINE 750ML', '750ML', 19.99, 14),
(1210, 'OLE SMOKEY SALTED CARMEL WHISKEY 750ML', '750ML', 20.49, 10),
(1211, 'OLE SMOKY MOONSHINE 750ML', '750ML', 19.99, 4),
(1212, 'OLE SMOKY MOONSHINE 750ML', '750ML', 19.99, 9),
(1213, 'OLE SMOKY MOONSHINE 750ML', '750ML', 19.99, 12),
(1214, 'OLE SMOKY MOONSHINE 750ML', '750ML', 19.99, 12),
(1215, 'ORANGE JUICE 64 OZ', '64OZ', 3.99, 4),
(1216, 'ORANGE SPICE MEAD 750ML', '750ML', 19.99, 4),
(1217, 'OSHAUGHNESSY CAB SAUV  750ML', '750ML', 81.99, 2),
(1218, 'OXLEY LONDON DRY GIN 750ML', '750ML', 45.99, 6),
(1219, 'PACIFICO  6 PK 12OZ BOTTLE', '6 PK 12 OZ BTL', 10.49, 4),
(1220, 'PALLINI LIMONCELLO LIQUEUR 750ML', '750ML', 31.99, 2),
(1221, 'PARTY SHOT CUPS', 'EACH', 2.99, 2),
(1222, 'PASSPORT SCOTCH 1.75L', '1.75L', 29.99, 12),
(1223, 'PATRON TEQ ANEJO 375ML', '375ML', 26.99, 22),
(1224, 'PATRON TEQ ANEJO 750ML', '750ML', 53.99, 11),
(1225, 'PATRON TEQ REPOSADO 375ML', '375ML', 26.99, 4),
(1226, 'PATRON TEQ REPOSADO 750ML', '750ML', 56.99, 5),
(1227, 'PATRON TEQ SILVER 1.75L', '1.75L', 99.49, 6),
(1228, 'PATRON TEQ SILVER 200ML', '200ML', 16.99, 38),
(1229, 'PATRON TEQ SILVER 375ML', '375ML', 24.99, 23),
(1230, 'PATRON TEQ SILVER 50ML', '50ML', 5.99, 42),
(1231, 'PATRON TEQ SILVER 750ML', '750ML', 50.99, 18),
(1232, 'PATRON TEQ SILVER W/ MULE MUG 1.75L', '1.75L', 99.49, 5),
(1233, 'PATRON XO CAFE 750ML', '750ML', 25.49, 11),
(1234, 'PAUL MASON APPLE BRANDY 750ML', '750ML', 12.99, 6),
(1235, 'PAUL MASSON PEACH BRANDY 50ML', '50ML', 1.04, 7),
(1236, 'PAUL MASSON PINEAPPLE BRANDY 750ML', '750ML', 11.99, 4),
(1237, 'PAUL MASSON RED BERRY BRANDY 50ML', '50ML', 1.04, 8),
(1238, 'PEACHY KEEN MEAD 750ML', '750ML', 19.99, 11),
(1239, 'PENASCO REPOSADO 750ML', '750ML', 25.99, 0),
(1240, 'PENDLETON 1910 WHISKEY 750ML', '750ML', 45.49, 5),
(1241, 'PENDLETON BLEND WHISKEY 1.75L', '1.75L', 46.99, 9),
(1242, 'PENDLETON BLEND WHSKEY 750ML', '750ML', 25.99, 7),
(1243, 'PENDLETON MIDNIGHT CANADIAN WHISKEY 750ML', '750ML', 42.99, 2),
(1244, 'PETER VELLA WHITE ZIFANDEL BOX WINE', 'EACH', 15.99, 4),
(1245, 'PICKLE JUICE 240ML', 'EACH', 3.29, 0),
(1246, 'PINEAPPLE JUICE LIBBYS 64OZ', '64OZ', 4.99, 5),
(1247, 'PINNACLE CAKE VODKA 750ML', '750ML', 17.99, 0),
(1248, 'PINNACLE VODKA 1.75ML', '1.75L', 19.99, 4),
(1249, 'PINNACLE VODKA 375ML', '375ML', 4.99, 78),
(1250, 'PINNACLE VODKA 750ML', '750ML', 17.99, 17),
(1251, 'PINNACLE WHIPPED VODKA 750ML', '750ML', 17.99, 20),
(1252, 'PLANTERS CASHEW NUTS', 'EACH', 1.29, 8),
(1253, 'PLANTERS HONEY ROAST NUTS', 'EACH', 1.29, 7),
(1254, 'PLANTERS SALTED PEANUTS', 'EACH', 0.99, 2),
(1255, 'PLATTE VALLY CORN WHISKEY 750ML', '750ML', 17.99, 0),
(1256, 'PLAYA REAL MANDARIN TEQ 750ML', '750ML', 25.99, 3),
(1257, 'PLAYA REAL PINEAPPLE TEQ 750ML', '750ML', 25.99, 0),
(1258, 'POMEGRANTE MEAD 750ML', '750ML', 19.99, 8),
(1259, 'POMPEII LEMON JUICE 118ML', '118ML', 1.49, 7),
(1260, 'POTTERS 151 RUM 1.0L', '1.0L', 11.99, 18),
(1261, 'POTTERS CROWN CANADIAN 1.75L', '1.75L', 15.99, 5),
(1262, 'POTTERS CROWN CANADIAN 375ML', '375ML', 4.49, 0),
(1263, 'POTTERS VODKA 1.75L', '1.75L', 12.99, 1),
(1264, 'POTTERS VODKA 375ML', '375ML', 3.49, 0),
(1265, 'POTTERS VODKA 750ML', '750ML', 6.99, 2),
(1266, 'PRESIDENTE BRANDY 1.75L', '1.75L', 31.99, 0),
(1267, 'PRESIDENTE BRANDY 750ML', '750ML', 16.99, 14),
(1268, 'PRIMO AMORE RED WINE 750ML', '750ML', 15.99, 13),
(1269, 'PROPER 12 BOURBON 750ML', '750ML', 28.99, 15),
(1270, 'PUCKER CHERRY VODKA 750ML', '750ML', 15, 0),
(1271, 'PUCKER CITRUS VODKA 750ML', '750ML', 15, 0),
(1272, 'PUERTO VALLARATA GOLD TEQUILA', '50ML', 1.49, 103),
(1273, 'RABBIT HOLE HEIGOLD BOURBON 750ML', '750ML', 73.99, 0),
(1274, 'RANGER CREEK .36 TEXAS BOURBON 750ML', '750ML', 56.99, 4),
(1275, 'READY RITA MARGARITA BAG', 'EACH', 10.99, 5),
(1276, 'REALEMON SQUEEZE BOTTLE 4.5OZ', '4.5OZ', 1.49, 9),
(1277, 'REALIME SQUEEZE BOTTLE 4.5OZ', '4.5OZ', 1.49, 24),
(1278, 'REBECCA CREEK 1.75L', '1.75L', 54.49, 0),
(1279, 'REBECCA CREEK 1.75L', '1.75L', 54.49, 9),
(1280, 'REBECCA CREEK 375ML', '375ML', 16.99, 2),
(1281, 'REBECCA CREEK 50ML', '50ML', 2.49, 60),
(1282, 'REBECCA CREEK 750ML', '750ML', 31.99, 16),
(1283, 'RED BREAST IRISH WHISKEY 750ML', '750ML', 59.99, 4),
(1284, 'RED BULL 12 OZ SGL CAN', '12 OZ SGL', 3.49, 70),
(1285, 'RED BULL 20 OZ SGL', '20 OZ SGL', 4.49, 0),
(1286, 'RED BULL 4PK 250ML CANS', '250ML', 9.49, 5),
(1287, 'RED BULL 8.4 OZ 4PK', '8.4 OZ 4PK', 8.29, 21),
(1288, 'RED BULL 8.4 OZ SGL CAN', '8.4 OZ SGL', 2.69, 17),
(1289, 'RED BULL BLUE 4PK 8.4OZ CANS', '8.4 OZ 4PK', 9.49, 1),
(1290, 'RED BULL COLA 12 OZ 4PK', '12 OZ 4PK', 6.49, 0),
(1291, 'RED BULL RED 12 OZ SGL', '12 OZ SGL', 3.19, 1),
(1292, 'RED BULL SUGAR FREE 16 OZ SGL', '16OZ', 3.99, 0),
(1293, 'RED BULL SUGAR FREE 4 PK 250ML CANS', '250ML', 9.49, 7),
(1294, 'RED BULL SUGAR FREE 8.3 OZ 4PK', '8.3 OZ 4PK', 9.49, 11),
(1295, 'RED BULL SUGAR FREE 8.4 OZ SGL', '8.4 OZ SGL', 2.69, 9),
(1296, 'RED BULL WATERMELON 12 OZ SGL', '12 OZ', 3.49, 16),
(1297, 'RED BULL YELLOW 4PK 8.4OZ CANS', '8.4 OZ 4PK', 9.49, 0),
(1298, 'REDEMPTION STRAIGHT 750ML', '750ML', 25.49, 19),
(1299, 'REDSTRIPE 6 PK 11.2 OZ BTL', '6 PK 12 OZ BTL', 8.99, 3),
(1300, 'REDWOOD EMPIRE', '750ML', 44.49, 2),
(1301, 'REMY MARTIN VSOP 750ML', '750ML', 51.99, 20),
(1302, 'REVOLVER BLOOD HONEY BREWING 6PK 12OZ BTL', '6 PK 12 OZ BTL', 10.49, 14),
(1303, 'RICH & RARE APPLE 750ML', '750ML', 9.99, 5),
(1304, 'RICH & RARE CAN APPLE 1.75L', '1.75L', 15.99, 3),
(1305, 'RICH & RARE CANADIAN 1.0L', '1.0L', 12.99, 28),
(1306, 'RICH & RARE CANADIAN 1.75L', '1.75L', 16.99, 61),
(1307, 'RICH & RARE CANADIAN 200ML', '200ML', 3.49, 11),
(1308, 'RICH & RARE CANADIAN 375ML', '375ML', 4.99, 41),
(1309, 'RICH & RARE CANADIAN 750ML', '750ML', 11.49, 0),
(1310, 'RICH & RARE CANADIAN PET 750ML', '750ML', 9.47, 14),
(1311, 'RICH & RARE CANADIAN RSV 1.75L', '1.75L', 21.99, 74),
(1312, 'RICH & RARE CANADIAN RSV 375ML', '375ML', 6.99, 6),
(1313, 'RICH & RARE CANADIAN RSV 750ML', '750ML', 12.99, 17),
(1314, 'RIONDO PROSECCO WINE', '750ML', 15.99, 12),
(1315, 'RIUNITE LAMBRUSCO WINE', '1.5L', 9.49, 10),
(1316, 'ROBERT MONDAVI  PINOT GRIGIO WINE', '750ML', 11.99, 24),
(1317, 'ROBERT MONDAVI BUTTERY CHARDONNAY 750ML', '750ML', 8.99, 27),
(1318, 'ROBERT MONDAVI MERLOT', '750ML', 13.99, 4),
(1319, 'RON MAARTEN RUM GOLD 1.75L', '1.75L', 15.99, 6),
(1320, 'RON RIO RUM GOLD 1.0L', '1.0L', 9.99, 17),
(1321, 'RON RIO RUM GOLD 1.75L', '1.75L', 16.99, 4),
(1322, 'RON RIO RUM WHITE 1.0L', '1.0L', 9.99, 6),
(1323, 'RON RIO RUM WHITE 1.75L', '1.75L', 16.99, 19),
(1324, 'RONRICO RUM GOLD 1.75L', '1.75L', 19.99, 12),
(1325, 'RONRICO RUM GOLD 750ML', '750ML', 12.49, 0),
(1326, 'RONRICO RUM WHITE 1.75L', '1.75L', 21.49, 7),
(1327, 'ROSCATO SWEET RED WINE', '750ML', 14.99, 10),
(1328, 'RUFFINO MOSCATO D\'ASTI 750ML', '750ML', 13.49, 12),
(1329, 'RUFFINO PINOT GRIGIO WINE', '750ML', 11.99, 2),
(1330, 'RUM CHATA CREAM 375ML', '375ML', 14.99, 10),
(1331, 'RUM CHATA CREAM 50ML', '50ML', 1.99, 54),
(1332, 'RUM CHATA FRAPPE 1.75L', '1.75L', 18.99, 4),
(1333, 'RUM CHATA LIMON 100ML', '100ML', 1.99, 103),
(1334, 'RUM CHATA LIMON 750ML', '750ML', 23.99, 4),
(1335, 'RUM CHATTA 750ML', '750ML', 23.99, 8),
(1336, 'RUM HAVEN 1.75L', '1.75L', 21.99, 6),
(1337, 'RUM HAVEN COCONUT 50ML', '50ML', 1.04, 90),
(1338, 'RUMHAVEN CARIBEAN RUM WITH COCONUT 750ML', '750ML', 19.99, 8),
(1339, 'RUMPLE MINZE SCHNAPPS 375ML', '375ML', 14.99, 1),
(1340, 'RUMPLE MINZE SCHNAPPS 750ML', '750ML', 26.99, 4),
(1341, 'RUSSIAN STANDARD VODKA 750ML', '750ML', 25.49, 12),
(1342, 'RYAN\'S IRISH CREAM LIQUEUR', '1.75L', 19.99, 0),
(1343, 'SAM BOSTON LAGER 6 PACK 12 OZ BOTTLE', '6 PK 12 OZ BTL', 10.49, 60),
(1344, 'SAUZA BLUE SILVER 750ML', '750ML', 21.99, 0),
(1345, 'SAUZA GOLD 1.75L', '1.75L', 34.99, 10),
(1346, 'SAUZA GOLD 375ML', '375ML', 9.99, 9),
(1347, 'SAUZA GOLD 750ML', '750ML', 18.49, 6),
(1348, 'SAUZA GOLD TEQUILA 50ML', '50ML', 1.49, 120),
(1349, 'SAUZA HORNITOS PLATA 750ML', '750ML', 27.99, 47),
(1350, 'SAUZA HORNITOS REPOSADO 750ML', '750ML', 27.99, 12),
(1351, 'SAUZA SILVER 1.75L', '1.75L', 34.99, 5),
(1352, 'SEAG GIN 1.0L', '1.0L', 18.99, 12),
(1353, 'SEAG GIN 1.75L', '1.75L', 23.99, 5),
(1354, 'SEAG GIN 200ML', '200ML', 3.99, 16),
(1355, 'SEAG GIN 375ML', '375ML', 7.99, 5),
(1356, 'SEAG GIN 50ML', '50ML', 1.49, 72),
(1357, 'SEAG GIN 750ML', '750ML', 13.99, 13),
(1358, 'SEAGRAM\'S 7 CROWN 1.75L', '1.75L', 24.99, 11),
(1359, 'SEAGRAM\'S 7 CROWN 375ML', '375ML', 10.49, 23),
(1360, 'SEAGRAM\'S 7 CROWN 50ML', '50ML', 1.04, 45),
(1361, 'SEAGRAM\'S 7 CROWN 750ML', '750ML', 15.49, 24),
(1362, 'SEAGRAM\'S 7 CROWN 750ML', '750ML', 16.99, 26),
(1363, 'SEAGRAM\'S GRAPEFRUIT 750ML', '750ML', 13.99, 1),
(1364, 'SEAGRAM\'S PEACH VODKA 750ML', '750ML', 13.99, 29),
(1365, 'SEAGRAM\'S PINEAPPLE GIN 750ML', '750ML', 13.99, 10),
(1366, 'SEAGRAM\'S PINEAPPLE VODKA 750ML', '750ML', 13.99, 7),
(1367, 'SEAGRAM\'S RED BERRY VODKA 750ML', '750ML', 11.99, 0),
(1368, 'SEERSUCKER GIN 750ML', '750ML', 23.99, 2),
(1369, 'SEERSUCKER GRAPEFRUIT GIN 750ML', '750ML', 23.99, 6),
(1370, 'SEERSUCKER LEMONADE GIN 750ML', '750ML', 23.99, 5),
(1371, 'SEERSUCKER LIME GIN 750ML', '750ML', 23.99, 8),
(1372, 'SELECT CLUB APPLE 750ML', '750ML', 24.99, 15),
(1373, 'SELECT CLUB PECAN PRALINE 1.75', '1.75L', 48.49, 8),
(1374, 'SELECT CLUB PECAN PRALINE 375ML', '375ML', 11.99, 4),
(1375, 'SELECT CLUB PECAN PRALINE 91 50ML', '50ML', 1.49, 68),
(1376, 'SELECT CLUB PECAN PRALINE 91 750ML', '750ML', 25.99, 18),
(1377, 'SEXTON SINGLE MALT IRISH WHISKEY 750ML', '750ML', 29.49, 3),
(1378, 'SHEEP DOG PEANUT BUTTER WHISKEY 50ML', '50ML', 0.99, 38),
(1379, 'SHINER PREMIIUM 6PK 12OZ BOTTLE', '6 PK 12 OZ BTL', 9.99, 7),
(1380, 'SHINER SEA SALT LIME 6 PK 12 OZ BOTTLE', '6 PK 12 OZ BTL', 9.99, 9),
(1381, 'SHINER TX SEASONAL 6 PACK', '6 PK 12 OZ BTL', 9.99, 9),
(1382, 'SHINER WEISE NEISE 6PK BOTTLE', '6 PK 12 OZ BTL', 9.99, 9),
(1383, 'SHOT GLASS', 'EACH', 3.49, 2),
(1384, 'SHOT GLASS 18', 'EACH', 2.99, 7),
(1385, 'SHOT GLASS 24', 'EACH', 2.99, 7),
(1386, 'SILVER STAR WHISKEY  750ML', '750ML', 0, 12),
(1387, 'SKELLY TEQUILA ANEJO 750ML', '750ML', 53.99, 0),
(1388, 'SKELLY TEQUILA BLANCO 750ML', '750ML', 42.99, 0),
(1389, 'SKOL GIN 1.0L', '1.0L', 9.99, 2),
(1390, 'SKOL GIN 1.75L', '1.75L', 15.99, 1),
(1391, 'SKOL GIN 375ML', '375ML', 4.99, 7),
(1392, 'SKOL RUM DARK 1.75L', '1.75L', 15.99, 5),
(1393, 'SKOL RUM SILVER 1.0L', '1.0L', 7.99, 6),
(1394, 'SKOL RUM SILVER 1.75L', '1.75L', 15.99, 5),
(1395, 'SKOL VODKA 1.0L', '1.0L', 7.99, 14),
(1396, 'SKOL VODKA 1.75L', '1.75L', 13.99, 2),
(1397, 'SKOL VODKA 200ML', '200ML', 2.99, 16),
(1398, 'SKOL VODKA 375ML', '375ML', 4.49, 7),
(1399, 'SKOL VODKA 750ML', '750ML', 6.49, 35),
(1400, 'SKYY VODKA 1.75L', '1.75L', 27.99, 3),
(1401, 'SKYY VODKA 375ML', '375ML', 9.99, 12),
(1402, 'SKYY VODKA 750ML', '750ML', 18.99, 0),
(1403, 'SLIM JIM 2 FOR $1.', 'EACH', 0.5, 52),
(1404, 'SLIM JIM MONSTER SIZE', 'EACH', 2.49, 1),
(1405, 'SMIRNOFF ICE 6 PK 12 OZ BOTTLE', '6 PK 12 OZ BTL', 9.99, 16),
(1406, 'SMIRNOFF PINEAPPLE COCONUT 6 PK BOTTLE', '6 PK 12 OZ', 9.99, 12),
(1407, 'SMIRNOFF RASBERRY VODKA 375 ML', '375ML', 10.99, 20),
(1408, 'SMIRNOFF RASPBERRY 750ML', '750ML', 17.99, 0),
(1409, 'SMIRNOFF RUBY RED 750ML', '750ML', 17.99, 6),
(1410, 'SMIRNOFF SOUR BERRY LEMON 750ML', '750ML', 17.99, 0),
(1411, 'SMIRNOFF SOUR GREEN APPLE 750ML', '750ML', 14.99, 0),
(1412, 'SMIRNOFF STRAWBERRY 750ML', '750ML', 17.99, 3),
(1413, 'SMIRNOFF VANILLA VODKA 375ML', '375ML', 10.99, 11),
(1414, 'SMIRNOFF VANILLA VODKA 750ML', '750ML', 17.99, 3),
(1415, 'SMIRNOFF VODKA 100 PROOF 375ML', '375ML', 10.99, 7),
(1416, 'SMIRNOFF VODKA 100 PROOF 750ML', '750ML', 24.99, 13),
(1417, 'SMIRNOFF VODKA 80 PROOF 1.0L', '1.0L', 21.9859, 12),
(1418, 'SMIRNOFF VODKA 80 PROOF 1.75', '1.75L', 24.99, 12),
(1419, 'SMIRNOFF VODKA 80 PROOF 200ML', '200ML', 6.49, 19),
(1420, 'SMIRNOFF VODKA 80 PROOF 375ML', '375ML', 9.99, 36),
(1421, 'SMIRNOFF VODKA 80 PROOF 750ML', '750ML', 16.99, 24),
(1422, 'SOUTHERN COMFORT 100 PRF 1.0L', '1.0L', 26.99, 0),
(1423, 'SOUTHERN COMFORT 100 PRF 1.75L', '1.75L', 34.99, 10),
(1424, 'SOUTHERN COMFORT 100 PRF 375ML', '375ML', 12.99, 10),
(1425, 'SOUTHERN COMFORT 100 PRF 750ML', '750ML', 21.99, 15),
(1426, 'SOUTHERN COMFORT 70 PRF 1.0L', '1.0L', 24.99, 0),
(1427, 'SOUTHERN COMFORT 70 PRF 1.75L', '1.75L', 29.99, 14),
(1428, 'SOUTHERN COMFORT 70 PRF 375ML', '375ML', 10.49, 11),
(1429, 'SOUTHERN COMFORT 70 PRF 50ML', '50ML', 1.49, 48),
(1430, 'SOUTHERN COMFORT 70 PRF 750ML', '750ML', 17.99, 10),
(1431, 'SOUTHERN COMFORT 80 PRF 375ML', '375ML', 9.99, 0),
(1432, 'SOUTHERN COMFORT 80PROOF 750ML', '750ML', 16.99, 0),
(1433, 'SPRITE 12 OZ', '12 OZ', 0.89, 34),
(1434, 'SPRITE 2.0L', '2.0L', 2.59, 6),
(1435, 'SPRITE ZERO 12PK CAN', '12 OZ', 6.49, 9),
(1436, 'STELLA ARTOIS CIDRE 6 PK', '6 PK 12 OZ BTL', 10.49, 8),
(1437, 'SUNSHINE MEAD 750ML', '750ML', 19.99, 141),
(1438, 'SUTTER HOME PINK MOSCATO WINE', '750ML', 7.99, 8),
(1439, 'TAAKA VODKA 80 BLUE PET 1.75L', '1.75L', 13.99, 9),
(1440, 'TAAKA VODKA 80 BLUE TRVL 750ML', '750ML', 7.49, 20),
(1441, 'TAAKA VODKA 80 PROF BLUE 200ML', '200ML', 2.99, 7),
(1442, 'TAAKA VODKA 80 PROF BLUE 375ML', '375ML', 4.99, 19),
(1443, 'TAAKA VODKA FRUIT PUNCH 750ML', '750ML', 7.49, 10),
(1444, 'TANQUERAY GIN 1.75L', '1.75L', 46.99, 4),
(1445, 'TANQUERAY GIN 375ML', '375ML', 14.99, 21),
(1446, 'TANQUERAY GIN 750ML', '750ML', 29.99, 28),
(1447, 'TANQUERAY NO 10 PREM GIN 750ML', '750ML', 33.99, 6),
(1448, 'TEQUILA ROSE STRAW 1.75L', '1.75L', 44.99, 11),
(1449, 'TEQUILA ROSE STRAW 200ML', '200ML', 6.99, 0),
(1450, 'TEQUILA ROSE STRAW 375ML', '375ML', 15.99, 20),
(1451, 'TEQUILA ROSE STRAW 50ML', '50ML', 1.49, 30),
(1452, 'TEQUILA ROSE STRAW 750ML', '750ML', 20.49, 4),
(1453, 'TEXAS CROWN CLUB 1.75L', '1.75L', 49.99, 15),
(1454, 'TEXAS CROWN CLUB 375ML', '375ML', 11.49, 3),
(1455, 'TEXAS CROWN CLUB 750ML', '750ML', 22.99, 11),
(1456, 'TITO\'S TEXAS VODKA 1.0L', '1.0L', 26.49, 38),
(1457, 'TITO\'S TEXAS VODKA 1.75L', '1.75L', 35.49, 18),
(1458, 'TITO\'S TEXAS VODKA 200ML', '200ML', 7.99, 0),
(1459, 'TITO\'S TEXAS VODKA 375ML', '375ML', 12.99, 2),
(1460, 'TITO\'S TEXAS VODKA 50ML', '50ML', 2.49, 25),
(1461, 'TITO\'S TEXAS VODKA 750ML', '750ML', 20.49, 34),
(1462, 'TONIC WATER', '1.0L', 2.99, 8),
(1463, 'TWISTED TEA VTY PK 12OZ CAN 12 PK', '12 OZ CAN', 16.99, 5),
(1464, 'WINE CORKSCREW', 'EACH', 9.99, 9),
(1465, 'ZIEGENBOCK TEXAS AMBE 6 PACK 12 OZ BOTTLE', '6 PK 12 OZ BTL', 9.99, 24),
(1466, 'ZING ZANG BLOODY MARY MIX 32OZ', '32 OZ', 5.99, 9),
(1467, 'ZING ZANG BLOODY MARY MIX 64OZ', '64OZ', 8.99, 10),
(1468, 'ZING ZANG MARGARITA MIX 1.75L', '1.75L', 9.99, 0),
(1469, 'ZING ZANG MARGARITA MIX 32OZ', '32 OZ', 5.99, 16),
(1470, 'ZING ZANG MARGARITA MIX 64OZ', '64OZ', 8.99, 0),
(1471, 'ZYR RUSSIAN VODKA 750ML', '750ML', 29.99, 3);



# PRODUCT_TYPES TABLES (broadest cats)
INSERT INTO `product_types` (`id`, `name`)
VALUES
(1, 'BEER'),
(2, 'LIQUOR'),
(3, 'WINE'),
(4, 'NON ALCOHOL'),
(5, 'SNACKS'),
(6, 'MISC ITEMS');

# CATEGORY (first sub cat)
INSERT INTO `categories` (`id`, `name`)
VALUES
    (1, 'ALE'),
    (2, 'BOTTLE OPENER'),
    (3, 'BRANDY'),
    (4, 'CIDER'),
    (5, 'CORKSCREW'),
    (6, 'CUPS'),
    (7, 'DRINKS'),
    (8, 'FLASK'),
    (9, 'FRUIT'),
    (10, 'GIFTS'),
    (11, 'GIN'),
    (12, 'IPA'),
    (13, 'JUICE'),
    (14, 'KOOZIES'),
    (15, 'LAGER'),
    (16, 'LIQUEUR'),
    (17, 'MEAD'),
    (18, 'MEZCAL'),
    (19, 'MISC ITEMS'),
    (20, 'MIXERS'),
    (21, 'MOONSHINE'),
    (22, 'NON ALCOHOL'),
    (23, 'PICKLE'),
    (24, 'PINK'),
    (25, 'POURER'),
    (26, 'RED'),
    (27, 'RTD'),
    (28, 'RUM'),
    (29, 'SANGRIA'),
    (30, 'SHOT GLASS'),
    (31, 'SNACKS'),
    (32, 'SPARKLING'),
    (33, 'SPECIALTY BEER'),
    (34, 'SYRUP'),
    (35, 'TEQUILA'),
    (36, 'TREATS'),
    (37, 'VODKA'),
    (38, 'WHISKEY'),
    (39, 'WHITE'),
    (40, 'WINE'),
    (41, 'WINE OPENER');

# CATEGORY (first sub cat)
INSERT INTO `sub_categories` (`id`, `name`)
VALUES
    (1, 'AMBER'),
    (2, 'AMERICAN'),
    (3, 'ANEJO'),
    (4, 'BLANCO'),
    (5, 'BLOODY MARY'),
    (6, 'BOCK'),
    (7, 'BOURBON'),
    (8, 'CABERNET SAUVIGNON'),
    (9, 'CANADIAN'),
    (10, 'CHAMPAGNE'),
    (11, 'CHARDONNAY'),
    (12, 'COFFEE'),
    (13, 'COGNAC'),
    (14, 'DAQUIRI'),
    (15, 'DARK'),
    (16, 'FLAVORED'),
    (17, 'FRUIT BEER'),
    (18, 'FRUIT COCKTAIL'),
    (19, 'GOLD'),
    (20, 'HARD ICED TEA'),
    (21, 'HARD SELTZER'),
    (22, 'HERBAL / SPICE'),
    (23, 'KOLSH'),
    (24, 'LONDON DRY'),
    (25, 'MALBEC'),
    (26, 'MALT LIQUOR'),
    (27, 'MARGARITA'),
    (28, 'MERLOT'),
    (29, 'MOSCATO'),
    (30, 'MOSCOW MULE'),
    (31, 'MUD SLIDES'),
    (32, 'PALE LAGER'),
    (33, 'PINA COLADA'),
    (34, 'PINK MOSCATO'),
    (35, 'PINOT GRIGIO'),
    (36, 'PINOT NOIR'),
    (37, 'PROSECCO'),
    (38, 'RED BLENDS'),
    (39, 'REPOSADO'),
    (40, 'RIESLING'),
    (41, 'ROSE'),
    (42, 'RYE'),
    (43, 'SANGRIA'),
    (44, 'SAUVIGNON BLANC'),
    (45, 'SCHNAPPS'),
    (46, 'SCOTCH'),
    (47, 'SILVER / BLANCO'),
    (48, 'SPICED'),
    (49, 'STOUT'),
    (50, 'TRIPLE SEC'),
    (51, 'WHEAT ALE'),
    (52, 'WHITE'),
    (53, 'WHITE RUSSIAN'),
    (54, 'WHITE ZINFANDEL');


INSERT INTO `cats_mapping` (`products_id`, `product_types_id`, `cat_id`, `sub_cat_id`)
VALUES
(1, 3, 26, NULL),
(2, 3, 26, 28),
(3, 3, 26, 38),
(4, 2, 35, 16),
(5, 2, 35, 16),
(6, 2, 35, 16),
(7, 2, 35, 16),
(8, 4, 20, NULL),
(9, 4, 20, NULL),
(10, 4, 20, NULL),
(11, 2, 27, 27),
(12, 2, 27, 27),
(13, 2, 27, 27),
(14, 2, 27, 27),
(15, 4, 20, NULL),
(16, 2, 35, 16),
(17, 2, 35, 39),
(18, 2, 35, 39),
(19, 2, 35, 39),
(20, 6, 19, NULL),
(21, 2, 35, 47),
(22, 2, 35, 47),
(23, 2, 35, 47),
(24, 2, 35, 47),
(25, 2, 35, 27),
(26, 2, 38, 7),
(27, 2, 38, 7),
(28, 2, 37, NULL),
(29, 3, 39, 11),
(30, 3, 26, NULL),
(31, 3, 26, 38),
(32, 3, 40, NULL),
(33, 3, 26, 8),
(34, 3, 39, 11),
(35, 2, 35, NULL),
(36, 2, 37, NULL),
(37, 2, 38, NULL),
(38, 2, 38, NULL),
(39, 4, 7, NULL),
(40, 5, 31, NULL),
(41, 2, 37, NULL),
(42, 2, 37, NULL),
(43, 2, 37, NULL),
(44, 2, 37, NULL),
(45, 2, 37, NULL),
(46, 2, 37, 16),
(47, 2, 37, 16),
(48, 2, 37, NULL),
(49, 2, 37, 16),
(50, 2, 37, 16),
(51, 2, 37, 16),
(52, 2, 37, 16),
(53, 2, 37, 16),
(54, 4, 20, NULL),
(55, 4, 7, NULL),
(56, 4, 7, NULL),
(57, 2, 38, NULL),
(58, 2, 37, 16),
(59, 2, 37, NULL),
(61, 2, 37, 16),
(62, 2, 37, 16),
(63, 2, 37, 16),
(64, 2, 37, 16),
(65, 2, 37, 16),
(66, 2, 37, 16),
(67, 2, 37, 16),
(68, 2, 37, 16),
(69, 2, 37, 16),
(70, 2, 37, 16),
(71, 2, 37, 16),
(72, 2, 37, 16),
(73, 2, 37, 16),
(74, 2, 37, 16),
(75, 2, 28, NULL),
(76, 2, 28, NULL),
(77, 2, 28, NULL),
(78, 2, 28, NULL),
(79, 2, 28, NULL),
(80, 2, 28, NULL),
(81, 2, 28, NULL),
(82, 2, 28, NULL),
(83, 2, 35, 3),
(84, 2, 35, 19),
(85, 2, 35, 19),
(86, 2, 35, 19),
(87, 2, 35, 19),
(88, 2, 35, NULL),
(89, 2, 35, 39),
(90, 4, 22, NULL),
(91, 2, 35, 47),
(92, 2, 35, 47),
(93, 2, 16, NULL),
(94, 2, 37, NULL),
(95, 3, 26, 25),
(96, 3, 39, 29),
(97, 3, 40, NULL),
(98, 3, 32, 10),
(99, 3, 32, 10),
(100, 3, 32, 10),
(101, 2, 38, 42),
(102, 2, 38, 7),
(103, 1, 4, NULL),
(104, 1, 4, NULL),
(105, 1, 4, NULL),
(106, 1, 4, NULL),
(107, 6, 19, NULL),
(108, 3, 40, NULL),
(109, 3, 26, NULL),
(110, 3, 17, NULL),
(111, 2, 28, NULL),
(112, 4, 7, NULL),
(113, 3, 26, 28),
(114, 3, 24, 54),
(115, 3, 40, NULL),
(116, 3, 40, NULL),
(117, 4, 7, NULL),
(118, 2, 3, NULL),
(119, 1, 4, NULL),
(120, 1, 4, NULL),
(121, 1, 4, NULL),
(122, 1, 4, NULL),
(123, 1, 4, NULL),
(124, 2, 11, NULL),
(125, 2, 35, 39),
(126, 2, 35, 47),
(127, 2, 35, 47),
(128, 2, 35, 47),
(129, 2, 28, NULL),
(130, 2, 35, 3),
(131, 2, 28, 16),
(132, 2, 28, 16),
(133, 2, 35, 16),
(134, 2, 35, 16),
(135, 2, 35, 16),
(136, 2, 35, 16),
(137, 2, 28, 16),
(138, 4, 22, NULL),
(139, 4, 22, NULL),
(140, 3, 40, NULL),
(141, 4, 20, NULL),
(142, 2, 37, NULL),
(143, 2, 38, 7),
(144, 2, 38, 46),
(145, 2, 38, 46),
(146, 2, 38, 46),
(147, 3, 40, NULL),
(148, 4, 7, NULL),
(149, 2, 37, NULL),
(150, 3, 32, NULL),
(152, 3, 39, 11),
(153, 3, 39, 11),
(154, 3, 40, NULL),
(155, 3, 40, NULL),
(156, 3, 40, NULL),
(157, 3, 40, NULL),
(158, 3, 40, NULL),
(159, 3, 40, NULL),
(161, 3, 40, NULL),
(162, 3, 40, NULL),
(163, 3, 40, NULL),
(164, 3, 39, 11),
(165, 2, 38, NULL),
(166, 2, 28, NULL),
(167, 3, 40, NULL),
(168, 3, 40, NULL),
(169, 3, 40, NULL),
(170, 3, 40, NULL),
(171, 3, 40, NULL),
(172, 3, 40, NULL),
(173, 3, 40, NULL),
(174, 2, 37, NULL),
(175, 6, 10, NULL),
(176, 6, 10, NULL),
(177, 6, 10, NULL),
(178, 3, 26, 8),
(179, 3, 26, NULL),
(180, 3, 40, NULL),
(181, 2, 11, NULL),
(182, 2, 11, NULL),
(183, 2, 11, NULL),
(184, 2, 38, NULL),
(185, 2, 37, NULL),
(186, 2, 11, NULL),
(187, 2, 37, NULL),
(188, 2, 38, NULL),
(189, 2, 38, NULL),
(190, 3, 40, NULL),
(191, 3, 39, 29),
(192, 3, 24, 54),
(193, 3, 24, 54),
(194, 3, 24, 54),
(195, 3, 26, NULL),
(196, 6, 10, NULL),
(197, 4, 7, NULL),
(198, 4, 7, NULL),
(199, 2, 38, NULL),
(200, 2, 38, NULL),
(201, 2, 38, NULL),
(202, 3, 24, 41),
(203, 3, 40, NULL),
(204, 3, 40, NULL),
(205, 3, 40, NULL),
(206, 3, 40, NULL),
(207, 2, 38, NULL),
(208, 3, 17, NULL),
(209, 2, 38, 7),
(210, 2, 27, 5),
(211, 2, 27, 5),
(212, 2, 27, 5),
(213, 2, 27, 5),
(214, 2, 28, 16),
(215, 2, 28, 16),
(216, 2, 28, 16),
(217, 2, 28, 16),
(218, 2, 28, 16),
(219, 2, 28, 16),
(220, 2, 28, 16),
(221, 2, 28, 16),
(222, 2, 28, 16),
(223, 2, 28, 16),
(224, 2, 28, 16),
(225, 2, 28, 16),
(226, 2, 28, 48),
(227, 2, 28, 16),
(228, 2, 28, 16),
(229, 2, 28, 16),
(230, 2, 28, 48),
(231, 4, 7, NULL),
(232, 1, 1, 51),
(233, 3, 40, NULL),
(234, 3, 40, NULL),
(235, 2, 27, NULL),
(236, 4, 23, NULL),
(237, 3, 39, 11),
(238, 3, 26, 28),
(239, 4, 20, NULL),
(240, 3, 26, 8),
(241, 2, 38, 7),
(242, 2, 38, 7),
(243, 2, 38, 2),
(244, 3, 26, 8),
(245, 3, 39, 11),
(246, 3, 24, 41),
(247, 3, 26, 28),
(248, 3, 39, 35),
(249, 3, 26, 38),
(250, 2, 38, 7),
(251, 2, 38, 46),
(252, 3, 40, NULL),
(253, 3, 32, 10),
(254, 2, 38, 7),
(255, 2, 38, 46),
(256, 2, 38, 46),
(257, 2, 38, 46),
(258, 2, 38, 46),
(259, 2, 38, NULL),
(260, 2, 38, 46),
(261, 1, 15, 32),
(262, 1, 15, 32),
(263, 1, 33, 21),
(264, 2, 38, NULL),
(265, 2, 38, NULL),
(266, 2, 38, NULL),
(267, 2, 38, 7),
(268, 2, 38, 7),
(269, 2, 38, 7),
(270, 2, 38, 7),
(271, 2, 38, 42),
(272, 2, 38, 42),
(273, 2, 28, NULL),
(274, 2, 37, 16),
(275, 2, 37, 16),
(276, 2, 37, 16),
(277, 2, 37, 16),
(278, 2, 37, 16),
(279, 2, 37, 16),
(280, 2, 37, 16),
(281, 2, 37, 16),
(282, 2, 37, 16),
(283, 2, 37, 16),
(284, 2, 37, 16),
(285, 2, 38, NULL),
(286, 2, 38, NULL),
(287, 4, 7, NULL),
(288, 2, 35, 39),
(289, 2, 35, 47),
(290, 2, 35, 39),
(291, 2, 28, 16),
(292, 2, 28, 16),
(293, 2, 28, 16),
(294, 3, 26, 8),
(295, 2, 28, 16),
(296, 2, 28, 19),
(297, 2, 28, 47),
(298, 2, 28, 48),
(299, 3, 26, NULL),
(300, 2, 16, NULL),
(301, 3, 26, NULL),
(302, 2, 38, NULL),
(303, 2, 38, NULL),
(304, 2, 38, NULL),
(305, 2, 38, NULL),
(306, 2, 38, NULL),
(307, 2, 38, NULL),
(308, 2, 38, NULL),
(309, 2, 38, 42),
(310, 2, 38, NULL),
(311, 2, 38, NULL),
(312, 2, 38, NULL),
(313, 2, 38, NULL),
(314, 2, 38, NULL),
(315, 2, 38, NULL),
(316, 2, 38, NULL),
(317, 2, 38, NULL),
(318, 2, 38, NULL),
(319, 2, 28, 48),
(320, 2, 28, NULL),
(321, 2, 28, 16),
(322, 2, 28, 48),
(323, 2, 28, 48),
(324, 2, 28, NULL),
(325, 2, 28, 16),
(326, 2, 28, 16),
(327, 2, 28, 48),
(328, 2, 28, 48),
(329, 2, 28, 48),
(330, 2, 28, 48),
(331, 2, 28, 48),
(332, 2, 28, NULL),
(333, 2, 28, NULL),
(334, 2, 28, 47),
(335, 2, 28, 47),
(336, 2, 28, 48),
(337, 2, 28, 16),
(338, 2, 28, 52),
(339, 3, 26, 43),
(340, 3, 26, 43),
(341, 2, 28, NULL),
(342, 2, 28, 48),
(343, 2, 28, 48),
(344, 2, 28, 16),
(345, 2, 28, 48),
(346, 3, 26, NULL),
(347, 3, 26, 8),
(348, 2, 16, NULL),
(349, 2, 16, NULL),
(350, 2, 16, NULL),
(351, 2, 35, 3),
(352, 2, 35, 39),
(353, 2, 35, 19),
(354, 2, 35, 19),
(355, 2, 35, 47),
(356, 2, 35, 47),
(357, 2, 28, 48),
(358, 3, 39, 29),
(359, 3, 39, 35),
(360, 2, 35, 47),
(361, 2, 35, 39),
(362, 2, 35, 39),
(363, 2, 35, 47),
(364, 2, 16, NULL),
(365, 2, 16, NULL),
(366, 3, 40, NULL),
(367, 3, 26, NULL),
(368, 3, 39, 11),
(369, 3, 26, 38),
(370, 3, 26, NULL),
(371, 2, 39, 11),
(372, 4, 20, NULL),
(373, 4, 20, NULL),
(374, 3, 9, NULL),
(375, 2, 20, NULL),
(376, 2, 27, NULL),
(377, 2, 20, NULL),
(378, 2, 20, NULL),
(379, 2, 20, NULL),
(380, 2, 20, NULL),
(381, 2, 20, NULL),
(382, 2, 20, NULL),
(383, 2, 20, NULL),
(384, 2, 38, NULL),
(385, 2, 38, NULL),
(386, 2, 38, NULL),
(387, 2, 38, NULL),
(388, 2, 38, NULL),
(389, 2, 38, NULL),
(390, 2, 38, 46),
(391, 2, 3, 16),
(392, 2, 3, NULL),
(393, 2, 3, NULL),
(394, 6, 2, NULL),
(395, 2, 37, NULL),
(396, 2, 37, NULL),
(397, 2, 38, NULL),
(398, 2, 37, 16),
(399, 2, 37, 16),
(400, 2, 37, 16),
(401, 2, 37, 16),
(402, 2, 37, 16),
(403, 2, 37, 16),
(404, 2, 37, 16),
(405, 2, 37, 16),
(406, 2, 37, 16),
(407, 2, 37, 16),
(408, 2, 37, 16),
(409, 2, 37, 16),
(410, 2, 37, 16),
(411, 2, 37, 16),
(412, 2, 37, 16),
(413, 2, 37, 16),
(414, 2, 37, 16),
(415, 2, 37, 16),
(416, 4, 7, NULL),
(417, 2, 38, 7),
(418, 2, 35, NULL),
(419, 3, 40, NULL),
(420, 4, 7, NULL),
(421, 4, 7, NULL),
(422, 2, 38, 7),
(423, 2, 28, 16),
(424, 2, 28, 16),
(425, 2, 28, 16),
(426, 2, 28, 16),
(427, 4, 7, NULL),
(428, 4, 7, NULL),
(429, 4, 7, NULL),
(430, 4, 7, NULL),
(431, 4, 7, NULL),
(432, 4, 7, NULL),
(433, 2, 35, NULL),
(434, 2, 16, NULL),
(435, 2, 16, NULL),
(436, 2, 16, NULL),
(437, 4, 7, NULL),
(438, 4, 7, NULL),
(439, 4, 7, NULL),
(440, 4, 7, NULL),
(441, 4, 7, NULL),
(442, 3, 26, 38),
(443, 2, 38, NULL),
(444, 2, 38, 46),
(445, 3, 26, 38),
(446, 1, 15, 32),
(447, 1, 15, 32),
(448, 1, 15, 32),
(449, 2, 35, 3),
(450, 2, 35, 47),
(451, 2, 35, 39),
(452, 1, 15, 32),
(453, 1, 15, 32),
(454, 1, 15, 32),
(455, 1, 15, 32),
(456, 1, 33, 21),
(457, 2, 35, 3),
(458, 2, 35, 47),
(459, 2, 35, 39),
(460, 3, 39, 35),
(461, 2, 40, 38),
(462, 2, 24, 41),
(463, 2, 27, 30),
(464, 2, 27, 30),
(465, 2, 27, 14),
(466, 2, 27, 27),
(467, 4, 20, NULL),
(468, 4, 20, NULL),
(469, 3, 9, NULL),
(470, 4, 13, NULL),
(471, 3, 17, NULL),
(472, 3, 26, 8),
(473, 3, 26, 28),
(474, 3, 39, 29),
(475, 3, 39, 36),
(476, 2, 16, NULL),
(477, 2, 38, 9),
(478, 2, 38, 9),
(479, 2, 10, 9),
(480, 2, 38, 9),
(481, 2, 38, 9),
(482, 2, 38, 9),
(483, 2, 38, 9),
(484, 2, 38, 9),
(485, 2, 38, 9),
(486, 2, 38, 9),
(487, 2, 38, 9),
(488, 2, 38, 9),
(489, 2, 38, 9),
(490, 2, 38, 9),
(491, 2, 38, 9),
(492, 2, 38, 9),
(493, 2, 38, 9),
(494, 2, 38, 9),
(495, 2, 38, 9),
(496, 2, 38, 9),
(497, 2, 38, 9),
(498, 2, 38, 9),
(499, 2, 38, 9),
(500, 2, 38, 9),
(501, 2, 38, 9),
(502, 2, 38, 9),
(503, 2, 38, 9),
(504, 2, 38, 9),
(505, 2, 38, 9),
(506, 2, 38, 9),
(507, 2, 38, 9),
(508, 2, 38, 9),
(509, 2, 38, 9),
(510, 2, 38, 9),
(511, 2, 38, 9),
(512, 2, 38, 9),
(513, 2, 38, 9),
(514, 2, 38, 9),
(515, 2, 38, 9),
(516, 2, 10, 9),
(517, 2, 28, 16),
(518, 2, 28, 16),
(519, 2, 28, 16),
(520, 2, 28, 16),
(521, 2, 28, 16),
(522, 2, 28, 15),
(523, 2, 28, NULL),
(524, 2, 28, NULL),
(525, 2, 28, 16),
(526, 2, 28, 16),
(527, 2, 28, 16),
(528, 2, 28, 16),
(529, 2, 28, 16),
(530, 2, 28, 16),
(531, 2, 28, 16),
(532, 2, 28, 16),
(533, 2, 28, 16),
(534, 3, 26, 28),
(535, 3, 32, NULL),
(536, 3, 39, 29),
(537, 6, 6, NULL),
(538, 2, 38, 46),
(539, 2, 27, 27),
(540, 2, 27, 5),
(541, 2, 16, NULL),
(542, 3, 39, 11),
(543, 3, 24, 41),
(544, 4, 7, NULL),
(545, 2, 16, 50),
(546, 2, 37, 16),
(547, 2, 37, 16),
(548, 2, 37, 16),
(549, 2, 37, 16),
(550, 2, 37, NULL),
(551, 2, 37, NULL),
(552, 2, 37, NULL),
(553, 2, 37, NULL),
(554, 2, 37, NULL),
(555, 2, 37, 16),
(556, 2, 37, 16),
(557, 2, 37, 16),
(558, 2, 37, 16),
(559, 2, 37, 16),
(560, 2, 37, 16),
(561, 2, 16, NULL),
(562, 2, 16, NULL),
(563, 2, 16, NULL),
(564, 2, 16, NULL),
(565, 2, 16, NULL),
(566, 2, 16, NULL),
(567, 2, 16, NULL),
(568, 2, 16, NULL),
(569, 2, 16, NULL),
(570, 2, 16, NULL),
(571, 2, 16, NULL),
(572, 2, 16, NULL),
(573, 2, 16, NULL),
(574, 2, 16, NULL),
(575, 2, 16, NULL),
(576, 2, 16, NULL),
(577, 2, 16, NULL),
(578, 2, 16, NULL),
(579, 2, 16, NULL),
(580, 2, 16, NULL),
(581, 2, 16, NULL),
(582, 2, 16, NULL),
(583, 2, 16, NULL),
(584, 2, 16, NULL),
(585, 2, 16, NULL),
(586, 2, 16, NULL),
(587, 2, 16, NULL),
(588, 2, 38, 7),
(589, 2, 38, 7),
(590, 2, 38, 7),
(591, 4, 7, NULL),
(592, 4, 7, NULL),
(593, 4, 13, NULL),
(594, 4, 7, NULL),
(595, 4, 13, NULL),
(596, 2, 16, NULL),
(597, 2, 16, NULL),
(598, 2, 16, NULL),
(599, 2, 16, NULL),
(600, 2, 16, NULL),
(601, 2, 16, NULL),
(602, 4, 13, NULL),
(603, 4, 13, NULL),
(604, 2, 35, 3),
(605, 2, 35, 3),
(606, 2, 35, 39),
(607, 2, 35, 47),
(608, 2, 3, NULL),
(609, 2, 28, 19),
(610, 1, 15, 1),
(611, 1, 15, 32),
(612, 1, 15, 32),
(614, 4, 7, NULL),
(615, 2, 16, NULL),
(616, 2, 37, NULL),
(617, 2, 37, NULL),
(618, 2, 37, NULL),
(619, 2, 37, NULL),
(620, 2, 11, NULL),
(621, 4, 7, NULL),
(622, 4, 7, NULL),
(623, 4, 7, NULL),
(624, 4, 7, NULL),
(625, 4, 7, NULL),
(626, 4, 7, NULL),
(627, 2, 35, 16),
(628, 2, 35, 16),
(629, 2, 35, 16),
(630, 2, 3, NULL),
(631, 2, 3, NULL),
(632, 2, 3, NULL),
(633, 2, 3, NULL),
(634, 2, 3, NULL),
(635, 2, 3, NULL),
(636, 2, 3, NULL),
(637, 2, 3, NULL),
(638, 2, 38, NULL),
(639, 2, 38, NULL),
(640, 3, 26, 28),
(641, 3, 39, 35),
(642, 3, 39, 44),
(643, 3, 26, NULL),
(644, 2, 37, 16),
(645, 2, 37, NULL),
(646, 2, 3, 13),
(647, 2, 28, NULL),
(648, 2, 35, 3),
(649, 2, 35, 39),
(650, 2, 35, 39),
(651, 2, 35, 39),
(652, 2, 35, 47),
(653, 2, 35, 39),
(654, 2, 35, 47),
(655, 2, 35, NULL),
(656, 2, 35, 47),
(657, 2, 35, 39),
(658, 3, 26, 29),
(659, 2, 38, NULL),
(660, 2, 38, 7),
(661, 2, 37, NULL),
(662, 2, 37, NULL),
(663, 2, 35, 47),
(664, 2, 35, 39),
(665, 3, 40, NULL),
(666, 3, 26, 8),
(667, 3, 26, 8),
(668, 3, 39, 35),
(669, 2, 38, NULL),
(670, 2, 38, NULL),
(671, 2, 38, NULL),
(672, 2, 38, NULL),
(673, 2, 38, NULL),
(674, 2, 38, NULL),
(675, 2, 38, NULL),
(676, 2, 38, NULL),
(677, 2, 38, NULL),
(678, 2, 38, NULL),
(679, 2, 38, NULL),
(680, 2, 38, NULL),
(681, 2, 38, NULL),
(682, 2, 38, NULL),
(684, 2, 35, 47),
(685, 2, 35, 47),
(686, 2, 35, 39),
(687, 2, 38, NULL),
(688, 2, 38, NULL),
(689, 2, 38, NULL),
(690, 2, 38, NULL),
(691, 3, 26, NULL),
(692, 3, 24, NULL),
(693, 3, 39, 11),
(694, 2, 35, 39),
(695, 2, 35, 47),
(696, 2, 38, 46),
(697, 2, 38, 46),
(698, 4, 7, NULL),
(699, 4, 7, NULL),
(700, 4, 7, NULL),
(701, 4, 7, NULL),
(702, 3, 29, NULL),
(703, 2, 38, NULL),
(704, 4, 20, NULL),
(705, 4, 20, NULL),
(706, 4, 20, NULL),
(707, 4, 20, NULL),
(708, 4, 20, NULL),
(709, 4, 20, NULL),
(710, 4, 20, NULL),
(711, 4, 20, NULL),
(712, 4, 20, NULL),
(713, 4, 20, NULL),
(714, 4, 20, NULL),
(715, 4, 20, NULL),
(716, 2, 38, NULL),
(717, 2, 38, NULL),
(718, 2, 38, NULL),
(719, 2, 38, NULL),
(720, 2, 38, NULL),
(721, 2, 38, NULL),
(722, 2, 38, NULL),
(723, 2, 38, NULL),
(724, 2, 38, NULL),
(725, 2, 38, NULL),
(726, 2, 38, NULL),
(727, 6, 8, NULL),
(728, 2, 28, NULL),
(729, 2, 28, 19),
(730, 2, 28, NULL),
(731, 2, 28, 52),
(732, 2, 28, 52),
(733, 3, 24, 41),
(734, 2, 28, NULL),
(735, 2, 38, NULL),
(736, 2, 38, NULL),
(737, 2, 38, NULL),
(738, 2, 38, 7),
(739, 2, 38, NULL),
(740, 3, 26, 8),
(741, 2, 37, NULL),
(742, 2, 37, 16),
(743, 2, 37, 16),
(744, 2, 37, 16),
(745, 2, 37, 16),
(746, 3, 39, 11),
(747, 3, 26, NULL),
(748, 3, 26, 28),
(749, 3, 24, NULL),
(750, 3, 39, 54),
(751, 2, 27, 12),
(752, 2, 27, 12),
(753, 2, 27, 12),
(754, 4, 7, NULL),
(755, 4, 7, NULL),
(756, 3, 24, 54),
(757, 3, 26, NULL),
(758, 2, 16, NULL),
(759, 2, 16, NULL),
(760, 2, 38, 7),
(761, 2, 38, NULL),
(762, 2, 38, NULL),
(763, 2, 38, NULL),
(764, 2, 38, NULL),
(765, 2, 38, NULL),
(766, 2, 38, NULL),
(767, 2, 38, NULL),
(768, 2, 38, 7),
(769, 3, 39, 29),
(770, 3, 40, NULL),
(771, 6, 10, NULL),
(772, 6, 10, NULL),
(773, 6, 10, NULL),
(774, 6, 10, NULL),
(775, 6, 10, NULL),
(776, 6, 10, NULL),
(777, 6, 10, NULL),
(778, 6, 10, NULL),
(779, 6, 10, NULL),
(780, 6, 10, NULL),
(781, 2, 11, NULL),
(782, 2, 11, NULL),
(783, 4, 7, NULL),
(784, 4, 7, NULL),
(785, 4, 7, NULL),
(786, 4, 7, NULL),
(787, 4, 7, NULL),
(788, 2, 38, 46),
(789, 2, 38, 46),
(790, 2, 38, 46),
(791, 2, 38, 46),
(792, 2, 38, 46),
(793, 2, 38, 46),
(794, 2, 38, 46),
(795, 2, 38, 46),
(796, 2, 38, 46),
(797, 2, 38, 46),
(798, 2, 38, 46),
(799, 2, 38, 46),
(800, 2, 38, 46),
(801, 2, 38, 46),
(802, 2, 38, 46),
(803, 2, 38, 46),
(804, 2, 38, 46),
(805, 2, 38, 46),
(806, 2, 38, 46),
(807, 2, 38, 46),
(808, 2, 38, NULL),
(809, 2, 38, NULL),
(810, 2, 16, NULL),
(811, 2, 16, NULL),
(812, 2, 11, NULL),
(813, 2, 11, NULL),
(814, 2, 16, NULL),
(815, 2, 16, NULL),
(816, 2, 16, NULL),
(817, 6, 34, NULL),
(818, 3, 9, NULL),
(819, 2, 37, NULL),
(820, 2, 37, NULL),
(821, 2, 37, NULL),
(822, 1, 1, 49),
(823, 1, 1, 49),
(824, 1, 1, 49),
(825, 1, 1, 49),
(826, 3, 40, NULL),
(827, 3, 26, 8),
(828, 3, 39, 11),
(829, 3, 9, NULL),
(830, 3, 40, NULL),
(831, 3, 39, 44),
(832, 2, 37, NULL),
(833, 3, 40, NULL),
(834, 2, 3, NULL),
(835, 2, 38, 7),
(836, 2, 37, NULL),
(837, 2, 38, 7),
(838, 2, 38, 7),
(839, 1, 15, 32),
(840, 2, 11, NULL),
(841, 2, 11, NULL),
(842, 2, 11, NULL),
(843, 2, 11, NULL),
(844, 2, 3, 13),
(845, 2, 3, 13),
(846, 2, 3, 13),
(847, 2, 3, 13),
(848, 2, 3, 13),
(849, 2, 35, 3),
(850, 2, 35, 39),
(851, 2, 35, 47),
(852, 2, 27, NULL),
(853, 2, 27, NULL),
(854, 2, 27, NULL),
(855, 2, 27, NULL),
(856, 2, 27, NULL),
(857, 2, 27, NULL),
(858, 2, 27, NULL),
(859, 2, 27, NULL),
(860, 2, 27, NULL),
(861, 2, 27, NULL),
(862, 2, 38, 46),
(863, 2, 35, NULL),
(864, 2, 35, 39),
(865, 2, 35, 47),
(866, 2, 16, NULL),
(867, 2, 16, 45),
(868, 2, 16, NULL),
(869, 3, 17, NULL),
(870, 1, 12, NULL),
(871, 2, 35, 39),
(872, 2, 35, 39),
(873, 2, 37, NULL),
(874, 2, 16, NULL),
(875, 2, 38, 46),
(876, 2, 38, 46),
(877, 2, 35, NULL),
(878, 2, 35, 19),
(879, 2, 35, 19),
(880, 2, 35, 47),
(881, 4, 20, NULL),
(882, 4, 20, NULL),
(883, 4, 20, NULL),
(884, 4, 20, NULL),
(885, 4, 20, NULL),
(886, 4, 20, NULL),
(887, 4, 20, NULL),
(888, 2, 36, NULL),
(889, 2, 35, 47),
(890, 2, 38, NULL),
(891, 2, 38, NULL),
(892, 2, 38, NULL),
(893, 2, 38, NULL),
(894, 2, 38, NULL),
(895, 2, 38, NULL),
(896, 2, 38, NULL),
(897, 2, 27, NULL),
(898, 2, 38, NULL),
(899, 2, 38, NULL),
(900, 2, 38, NULL),
(901, 2, 38, NULL),
(902, 2, 38, NULL),
(903, 2, 38, NULL),
(904, 2, 38, NULL),
(905, 2, 38, NULL),
(906, 2, 38, NULL),
(907, 2, 38, NULL),
(908, 2, 38, NULL),
(909, 2, 38, NULL),
(910, 2, 38, NULL),
(911, 2, 38, NULL),
(912, 2, 38, NULL),
(913, 2, 38, NULL),
(914, 2, 38, NULL),
(915, 2, 38, NULL),
(916, 2, 36, NULL),
(917, 2, 38, NULL),
(918, 2, 38, NULL),
(919, 2, 38, NULL),
(920, 2, 38, NULL),
(921, 2, 38, NULL),
(922, 2, 16, NULL),
(923, 2, 16, NULL),
(924, 2, 16, NULL),
(925, 2, 16, 22),
(926, 2, 16, 22),
(927, 2, 16, 22),
(928, 2, 16, 22),
(929, 2, 16, 22),
(930, 2, 16, 22),
(931, 2, 38, NULL),
(932, 2, 38, NULL),
(933, 2, 38, NULL),
(934, 2, 38, NULL),
(935, 2, 38, NULL),
(936, 2, 38, NULL),
(937, 2, 38, NULL),
(938, 2, 38, 7),
(939, 2, 38, NULL),
(940, 2, 38, NULL),
(941, 2, 38, NULL),
(942, 2, 38, 7),
(943, 2, 38, 7),
(944, 2, 38, 7),
(945, 2, 38, 7),
(946, 2, 38, 7),
(947, 2, 38, 7),
(948, 2, 38, 7),
(949, 2, 38, 7),
(950, 2, 38, 7),
(951, 2, 38, 7),
(952, 2, 38, 7),
(953, 2, 36, NULL),
(954, 2, 38, 7),
(955, 2, 38, 7),
(956, 2, 38, 7),
(957, 2, 38, NULL),
(958, 2, 38, NULL),
(959, 2, 38, NULL),
(960, 2, 38, NULL),
(961, 2, 38, NULL),
(962, 2, 38, NULL),
(963, 2, 38, NULL),
(964, 2, 38, NULL),
(965, 2, 38, NULL),
(966, 2, 38, 42),
(967, 2, 38, NULL),
(968, 2, 38, NULL),
(969, 2, 38, 46),
(970, 2, 38, NULL),
(971, 2, 38, NULL),
(972, 2, 11, NULL),
(973, 2, 27, 18),
(974, 2, 27, 18),
(975, 2, 27, 30),
(976, 2, 27, 30),
(977, 2, 27, NULL),
(978, 2, 35, NULL),
(979, 2, 35, NULL),
(980, 2, 35, 47),
(981, 6, 36, NULL),
(982, 2, 35, 47),
(983, 2, 35, 19),
(984, 2, 35, 19),
(985, 2, 27, 27),
(986, 2, 35, 39),
(987, 2, 27, NULL),
(988, 2, 35, 47),
(989, 2, 35, 47),
(990, 2, 35, 47),
(991, 3, 26, 8),
(992, 3, 26, 8),
(993, 3, 39, 11),
(994, 3, 32, 37),
(995, 2, 35, 47),
(996, 2, 35, 19),
(997, 2, 35, 19),
(998, 2, 35, 47),
(999, 2, 35, 47),
(1000, 4, 13, NULL),
(1001, 2, 16, 50),
(1002, 3, 9, NULL),
(1003, 2, 27, 31),
(1004, 2, 27, 53),
(1005, 2, 27, 53),
(1006, 2, 16, NULL),
(1007, 2, 16, NULL),
(1008, 2, 16, NULL),
(1009, 2, 16, NULL),
(1010, 2, 27, 31),
(1011, 2, 27, 53),
(1012, 2, 16, NULL),
(1013, 2, 16, NULL),
(1014, 2, 27, 31),
(1015, 2, 16, 12),
(1016, 1, 15, 6),
(1017, 6, 31, NULL),
(1018, 2, 38, NULL),
(1019, 2, 38, NULL),
(1020, 2, 38, NULL),
(1021, 2, 38, NULL),
(1022, 2, 38, NULL),
(1023, 2, 38, NULL),
(1024, 2, 38, NULL),
(1025, 2, 38, NULL),
(1026, 2, 38, NULL),
(1027, 2, 38, 7),
(1028, 2, 37, 16),
(1029, 2, 37, 16),
(1030, 2, 37, 16),
(1031, 2, 37, 16),
(1032, 2, 37, 16),
(1033, 1, 15, 32),
(1034, 3, 39, 44),
(1035, 2, 27, 18),
(1036, 2, 27, 18),
(1037, 2, 27, 18),
(1038, 2, 27, 18),
(1039, 2, 27, 18),
(1040, 2, 27, 18),
(1041, 2, 27, 18),
(1042, 3, 39, 11),
(1043, 3, 39, 40),
(1044, 2, 38, NULL),
(1045, 2, 38, 7),
(1046, 2, 38, NULL),
(1047, 6, 14, NULL),
(1048, 3, 32, 10),
(1049, 2, 28, 15),
(1050, 2, 28, 15),
(1051, 2, 28, 48),
(1052, 2, 28, 48),
(1053, 2, 28, 48),
(1054, 3, 26, 36),
(1055, 3, 32, 37),
(1056, 2, 38, 46),
(1057, 2, 38, 46),
(1058, 2, 38, NULL),
(1059, 2, 38, NULL),
(1060, 6, 10, NULL),
(1061, 3, 39, NULL),
(1062, 3, 26, NULL),
(1063, 3, 26, NULL),
(1064, 2, 9, NULL),
(1065, 3, 26, 28),
(1066, 3, 26, 8),
(1067, 3, 39, NULL),
(1068, 2, 38, NULL),
(1069, 2, 38, NULL),
(1070, 2, 37, NULL),
(1071, 2, 37, NULL),
(1072, 6, 13, NULL),
(1073, 3, 26, NULL),
(1074, 3, 26, NULL),
(1075, 6, 25, NULL),
(1076, 3, 24, NULL),
(1077, 3, 39, 35),
(1078, 3, 26, NULL),
(1079, 3, 24, 41),
(1080, 3, 39, NULL),
(1081, 3, 26, NULL),
(1082, 1, 15, 32),
(1083, 1, 15, 32),
(1084, 1, 15, 32),
(1085, 2, 38, NULL),
(1086, 1, 1, 23),
(1087, 2, 16, NULL),
(1088, 2, 37, NULL),
(1089, 2, 37, NULL),
(1090, 2, 37, NULL),
(1091, 2, 16, NULL),
(1092, 2, 16, NULL),
(1093, 2, 38, 46),
(1094, 2, 38, 46),
(1095, 2, 38, 46),
(1096, 2, 38, NULL),
(1097, 2, 38, 7),
(1098, 2, 38, 7),
(1099, 2, 38, 7),
(1100, 2, 38, NULL),
(1101, 2, 11, NULL),
(1102, 2, 11, NULL),
(1103, 2, 28, 15),
(1104, 2, 28, 16),
(1105, 2, 28, 16),
(1106, 2, 28, 16),
(1107, 2, 28, 16),
(1108, 2, 28, 16),
(1109, 2, 28, 48),
(1110, 2, 28, 16),
(1111, 2, 28, 16),
(1112, 2, 28, 16),
(1113, 2, 28, 16),
(1114, 2, 28, 16),
(1115, 2, 28, 16),
(1116, 2, 28, 16),
(1117, 2, 28, 16),
(1118, 2, 3, NULL),
(1119, 2, 3, 16),
(1120, 2, 38, NULL),
(1121, 3, 39, 44),
(1122, 2, 37, 16),
(1123, 2, 38, 46),
(1124, 2, 38, NULL),
(1125, 2, 11, NULL),
(1126, 2, 16, 50),
(1127, 2, 37, NULL),
(1128, 2, 37, NULL),
(1129, 2, 37, NULL),
(1130, 2, 37, NULL),
(1131, 2, 38, NULL),
(1132, 2, 38, NULL),
(1133, 2, 38, NULL),
(1134, 3, 17, NULL),
(1135, 3, 26, 36),
(1136, 3, 26, NULL),
(1137, 3, 39, 40),
(1138, 3, 26, 8),
(1139, 3, 39, 29),
(1140, 1, 15, 32),
(1141, 1, 15, 32),
(1142, 1, 33, 17),
(1143, 2, 35, 47),
(1144, 1, 15, 32),
(1145, 3, 40, NULL),
(1146, 4, 7, NULL),
(1147, 4, 7, NULL),
(1148, 4, 7, NULL),
(1149, 3, 26, 36),
(1150, 1, 15, 32),
(1151, 1, 15, 32),
(1152, 3, 40, NULL),
(1153, 3, 40, NULL),
(1154, 2, 38, NULL),
(1155, 2, 38, NULL),
(1156, 2, 18, NULL),
(1157, 2, 35, 19),
(1158, 2, 35, 52),
(1159, 2, 35, 19),
(1160, 2, 35, 19),
(1161, 2, 35, 19),
(1162, 2, 35, 39),
(1163, 2, 35, 47),
(1164, 2, 35, 47),
(1165, 4, 20, 5),
(1166, 4, 20, 5),
(1167, 4, 20, 27),
(1168, 4, 20, 27),
(1169, 4, 20, 5),
(1170, 4, 20, 33),
(1171, 4, 20, 33),
(1172, 4, 20, NULL),
(1173, 4, 20, NULL),
(1174, 4, 20, NULL),
(1175, 4, 20, NULL),
(1176, 2, 28, 15),
(1177, 2, 37, 16),
(1178, 2, 37, 16),
(1179, 2, 37, 16),
(1180, 2, 37, 16),
(1181, 2, 11, NULL),
(1182, 2, 11, NULL),
(1183, 2, 37, 16),
(1184, 2, 37, 16),
(1185, 2, 11, 24),
(1186, 2, 37, 16),
(1187, 2, 37, 16),
(1188, 2, 37, 16),
(1189, 2, 37, 16),
(1190, 2, 37, 16),
(1191, 2, 37, 16),
(1192, 2, 37, 16),
(1193, 2, 37, 16),
(1194, 2, 37, 16),
(1195, 2, 37, 16),
(1196, 2, 37, 16),
(1197, 2, 37, 16),
(1198, 2, 37, 16),
(1199, 1, 1, NULL),
(1200, 2, 38, NULL),
(1201, 2, 38, 46),
(1202, 2, 21, NULL),
(1203, 2, 21, NULL),
(1204, 2, 21, NULL),
(1205, 2, 21, NULL),
(1206, 2, 21, NULL),
(1207, 2, 21, NULL),
(1208, 2, 21, NULL),
(1209, 2, 21, NULL),
(1210, 2, 38, NULL),
(1211, 2, 21, NULL),
(1212, 2, 21, NULL),
(1213, 2, 21, NULL),
(1214, 2, 21, NULL),
(1215, 4, 13, NULL),
(1216, 3, 17, NULL),
(1217, 3, 26, 8),
(1218, 2, 11, NULL),
(1219, 1, 15, 32),
(1220, 2, 16, NULL),
(1221, 6, 6, NULL),
(1222, 2, 38, 46),
(1223, 2, 35, 3),
(1224, 2, 35, 3),
(1225, 2, 35, 39),
(1226, 2, 35, 39),
(1227, 2, 35, 47),
(1228, 2, 35, 47),
(1229, 2, 35, 47),
(1230, 2, 35, 47),
(1231, 2, 35, 47),
(1232, 2, 35, 47),
(1233, 2, 16, 12),
(1234, 2, 3, 16),
(1235, 2, 3, 16),
(1236, 2, 3, 16),
(1237, 2, 3, 16),
(1238, 3, 17, NULL),
(1239, 2, 35, 39),
(1240, 2, 38, NULL),
(1241, 2, 38, NULL),
(1242, 2, 38, NULL),
(1243, 2, 38, 9),
(1244, 3, 24, 54),
(1245, 4, 13, NULL),
(1246, 4, 13, NULL),
(1247, 2, 37, 16),
(1248, 2, 37, NULL),
(1249, 2, 37, NULL),
(1250, 2, 37, NULL),
(1251, 2, 37, 16),
(1252, 6, 31, NULL),
(1253, 6, 31, NULL),
(1254, 6, 31, NULL),
(1255, 2, 38, NULL),
(1256, 2, 35, NULL),
(1257, 2, 35, NULL),
(1258, 3, 17, NULL),
(1259, 6, 13, NULL),
(1260, 2, 28, NULL),
(1261, 2, 38, 9),
(1262, 2, 38, 9),
(1263, 2, 37, NULL),
(1264, 2, 37, NULL),
(1265, 2, 37, NULL),
(1266, 2, 3, NULL),
(1267, 2, 3, NULL),
(1268, 3, 26, NULL),
(1269, 2, 38, 7),
(1270, 2, 37, 16),
(1271, 2, 37, 16),
(1272, 2, 35, 19),
(1273, 2, 38, 7),
(1274, 2, 38, 7),
(1275, 4, 27, 27),
(1276, 4, 13, NULL),
(1277, 4, 13, NULL),
(1278, 2, 38, NULL),
(1279, 2, 38, NULL),
(1280, 2, 38, NULL),
(1281, 2, 38, NULL),
(1282, 2, 38, NULL),
(1283, 2, 38, NULL),
(1284, 4, 7, NULL),
(1285, 4, 7, NULL),
(1286, 4, 7, NULL),
(1287, 4, 7, NULL),
(1288, 4, 7, NULL),
(1289, 4, 7, NULL),
(1290, 4, 7, NULL),
(1291, 4, 7, NULL),
(1292, 4, 7, NULL),
(1293, 4, 7, NULL),
(1294, 4, 7, NULL),
(1295, 4, 7, NULL),
(1296, 4, 7, NULL),
(1297, 4, 7, NULL),
(1298, 2, 38, NULL),
(1299, 1, 15, 32),
(1300, 2, 38, NULL),
(1301, 2, 3, NULL),
(1302, 1, 1, 51),
(1303, 2, 38, NULL),
(1304, 2, 38, NULL),
(1305, 2, 38, NULL),
(1306, 2, 38, NULL),
(1307, 2, 38, NULL),
(1308, 2, 38, NULL),
(1309, 2, 38, NULL),
(1310, 2, 38, NULL),
(1311, 2, 38, NULL),
(1312, 2, 38, NULL),
(1313, 2, 38, NULL),
(1314, 3, 32, NULL),
(1315, 3, 26, NULL),
(1316, 3, 39, 35),
(1317, 3, 39, 11),
(1318, 3, 26, 28),
(1319, 2, 28, 19),
(1320, 2, 28, 19),
(1321, 2, 28, 19),
(1322, 2, 28, 52),
(1323, 2, 28, 52),
(1324, 2, 28, 19),
(1325, 2, 28, 19),
(1326, 2, 28, 52),
(1327, 3, 26, NULL),
(1328, 3, 39, 29),
(1329, 3, 39, 35),
(1330, 2, 16, NULL),
(1331, 2, 16, NULL),
(1332, 2, 16, NULL),
(1333, 2, 16, NULL),
(1334, 2, 16, NULL),
(1335, 2, 16, NULL),
(1336, 2, 28, NULL),
(1337, 2, 28, 16),
(1338, 2, 28, 16),
(1339, 2, 16, NULL),
(1340, 2, 16, NULL),
(1341, 2, 37, NULL),
(1342, 2, 16, NULL),
(1343, 1, 15, 1),
(1344, 2, 35, 47),
(1345, 2, 35, 19),
(1346, 2, 35, 19),
(1347, 2, 35, 19),
(1348, 2, 35, 19),
(1349, 2, 35, NULL),
(1350, 2, 35, 39),
(1351, 2, 35, 47),
(1352, 2, 11, NULL),
(1353, 2, 11, NULL),
(1354, 2, 11, NULL),
(1355, 2, 11, NULL),
(1356, 2, 11, NULL),
(1357, 2, 11, NULL),
(1358, 2, 38, NULL),
(1359, 2, 38, NULL),
(1360, 2, 38, NULL),
(1361, 2, 38, NULL),
(1362, 2, 38, NULL),
(1363, 2, 38, NULL),
(1364, 2, 37, NULL),
(1365, 2, 11, NULL),
(1366, 2, 37, NULL),
(1367, 2, 37, NULL),
(1368, 2, 11, NULL),
(1369, 2, 11, NULL),
(1370, 2, 11, NULL),
(1371, 2, 11, NULL),
(1372, 2, 38, NULL),
(1373, 2, 38, NULL),
(1374, 2, 38, NULL),
(1375, 2, 38, NULL),
(1376, 2, 38, NULL),
(1377, 2, 16, NULL),
(1378, 2, 38, NULL),
(1379, 1, 1, 6),
(1380, 1, 15, 32),
(1381, 1, 15, 32),
(1382, 1, 15, 32),
(1383, 6, 30, NULL),
(1384, 6, 30, NULL),
(1385, 6, 30, NULL),
(1386, 2, 38, NULL),
(1387, 2, 35, 3),
(1388, 2, 35, 4),
(1389, 2, 11, NULL),
(1390, 2, 11, NULL),
(1391, 2, 11, NULL),
(1392, 2, 28, 15),
(1393, 2, 28, 52),
(1394, 2, 28, 52),
(1395, 2, 37, NULL),
(1396, 2, 37, NULL),
(1397, 2, 37, NULL),
(1398, 2, 37, NULL),
(1399, 2, 37, NULL),
(1400, 2, 37, NULL),
(1401, 2, 37, NULL),
(1402, 2, 37, NULL),
(1403, 6, 31, NULL),
(1404, 6, 31, NULL),
(1405, 1, 33, 26),
(1406, 1, 33, 26),
(1407, 2, 37, 16),
(1408, 2, 37, 16),
(1409, 2, 37, 16),
(1410, 2, 37, 16),
(1411, 2, 37, 16),
(1412, 2, 37, 16),
(1413, 2, 37, 16),
(1414, 2, 37, 16),
(1415, 2, 37, 16),
(1416, 2, 37, 16),
(1417, 2, 37, 16),
(1418, 2, 37, 16),
(1419, 2, 37, 16),
(1420, 2, 37, 16),
(1421, 2, 37, 16),
(1422, 2, 38, NULL),
(1423, 2, 38, NULL),
(1424, 2, 38, NULL),
(1425, 2, 38, NULL),
(1426, 2, 38, NULL),
(1427, 2, 38, NULL),
(1428, 2, 38, NULL),
(1429, 2, 38, NULL),
(1430, 2, 38, NULL),
(1431, 2, 38, NULL),
(1432, 2, 38, NULL),
(1433, 4, 7, NULL),
(1434, 4, 7, NULL),
(1435, 4, 7, NULL),
(1436, 1, 15, 32),
(1437, 3, 17, NULL),
(1438, 3, 39, 29),
(1439, 2, 37, NULL),
(1440, 2, 37, NULL),
(1441, 2, 37, NULL),
(1442, 2, 37, NULL),
(1443, 2, 37, NULL),
(1444, 2, 11, NULL),
(1445, 2, 11, NULL),
(1446, 2, 11, NULL),
(1447, 2, 11, NULL),
(1448, 2, 35, NULL),
(1449, 2, 35, NULL),
(1450, 2, 35, NULL),
(1451, 2, 35, NULL),
(1452, 2, 35, NULL),
(1453, 2, 38, NULL),
(1454, 2, 38, NULL),
(1455, 2, 38, NULL),
(1456, 2, 37, NULL),
(1457, 2, 37, NULL),
(1458, 2, 37, NULL),
(1459, 2, 37, NULL),
(1460, 2, 37, NULL),
(1461, 2, 37, NULL),
(1462, 4, 7, NULL),
(1463, 1, 33, 20),
(1464, 6, 5, NULL),
(1465, 1, 1, 1),
(1466, 4, 20, NULL),
(1467, 4, 20, NULL),
(1468, 4, 20, NULL),
(1469, 4, 20, NULL),
(1470, 4, 20, NULL),
(1471, 2, 37, NULL);
