use hilltop_app_db;

# DROP table users;

show tables;
describe orders;
describe users;
describe order_product;
describe products;

select * from users;

INSERT INTO `users` (`id`, `email`, `first_name`, `is_admin`, `is_employee`, `last_name`, `password`, `phone`, `sms_consent`, `username`)
VALUES
(1, 'hilltopUser@gmail.com', 'User', false, false, 'Lastuser', 'user123', '111-111-1111', true, 'user'),
(2, 'hilltopEmp@gmail.com', 'Employee', false, true, 'Lastemployee', 'employee123', '222-222-2222', true, 'employee'),
(3, 'hilltopAdmin@gmail.com', 'Admin', true , false, 'Lastadmin', 'admin123', '333-333-3333', true, 'admin');


# PRODUCTS SEEDER
INSERT INTO `products` (`id`, `sku`, `name`, `sub_cat_id`, `size`, `price_in_cents`, `in_store_count`)
VALUES
(1, '10074585', 'NEW AMSTERDAM RASEBERRY VODKA 50ML', 16, '50ML', 0.99, 0),
(2, '1380', 'FRAPPACHATA MOCHA ICED COFFEE100ML', 12, '100ML', 1.49, 0),
(3, '10074910', 'KAHLUA DTG RAS WH RUS 200ML SG', 53, '200ML', 1.89, 0),
(4, '10074762', 'KAHLUA DTG MUDSLIDE 200ML SG', 31, '200ML', 1.99, 0),
(5, '10074346', 'AGAVALES GOLD TEQ 50ML', 19, '50ML', 2.49, 0),
(6, '10074966', 'POTTERS CROWN CANADIAN 375ML', 9, '375ML', 4.49, 0),
(7, '1658', 'BLACK BOX 12 PK ROSE 500ML', 41, '550ML', 4.89, 0),
(8, '2748', 'BACARDI BANANA RUM 70 200ML', 16, '200ML', 4.99, 0),
(9, '3462', 'ARBOR BLACKBERRY MERLOT WINE 750ML', 28, '750ML', 4.99, 0),
(10, '10075132', 'ARBOR EXOTIC FRUIT WHITE  ZINFANDEL', 54, '750ML', 4.99, 0),
(11, '2973', 'ANDRE CHAMP PINK MOSCATO 750ML', 10, '750ML', 5.99, 0),
(12, '1738', 'MSTR MIX BLOODY MARY 1.75L', 5, '1.75L', 6.49, 0),
(13, '1716', 'MR MRS T MARGARITA MIX 64OZ', 27, '64OZ', 6.49, 0),
(14, '1562', 'BAREFOOT VANILLA APPLE CHARDONNAY 4 PK', 11, '8PK 50ML', 6.99, 0),
(15, '10074538', 'JULES PERCHARD TRIPLE SEC 1.0L', 50, '1.0L', 7.99, 0),
(16, '1959', 'EL JIMADOR REPOSADO 200ML', 39, '200ML', 8.49, 0),
(17, '1814', 'FALL CREEK CHARD  750ML', 11, '750ML', 8.49, 0),
(18, '3868', 'BAREFOOT CALIF CHARD 750ML', 11, '750ML', 8.59, 0),
(19, '10074891', 'GFV MOSCATO 1.5L', 29, '1.5L', 8.99, 0),
(20, '2634', 'BERINGER MOSCATO 1.5L', 29, '1.5L', 9, 0),
(21, '3874', 'KJ RIESLING 750ML', 40, '750ML', 9, 0),
(22, '1071', 'CAPRICCIO WHITE SANGRIA BUBBLY 750', 43, '750ML', 9.49, 0),
(23, '1083', 'CAPPRICIO SANGRIA', 43, '750ML', 9.49, 0),
(24, '1707', 'MORALES SILVER TEQ 1.0L', 47, '1.0L', 9.99, 0),
(25, '10074596', 'CRANE LAKE MERLOT 1.5L', 28, '1.5L', 9.99, 0),
(26, '2049', 'LLANO PINOT GRIGIO 750ML', 35, '750ML', 9.99, 0),
(27, '2204', 'MALIBU RTD PINK LMNADE 4PK CAN', 16, '4PK CAN', 10.49, 0),
(28, '2208', 'MALIBU RTD PINEAPPLE 4PK CAN', 16, '4PK CAN', 10.49, 0),
(29, '10075015', 'MALIBU STRAWBERRY KIWI 4 PK', 16, '4PK CAN', 10.49, 0),
(30, '10074631', 'ESTANCIA P GRIGIO 2007Y 750ML', 35, '750ML', 10.99, 0),
(31, '10075106', 'BURNETTS RASPBERRY VODKA 750ML', 16, '750ML', 10.99, 0),
(32, '2085', 'CRUZAN MANGO RUM 750ML', 16, '750ML', 11.9, 0),
(33, '1095', 'CASTILLO GOLD 750ML', 19, '750ML', 11.99, 0),
(34, '10074711', 'JUAREZ TEQUILA SILVER 750ML', 47, '750ML', 11.99, 0),
(35, '10075112', 'CASTILLO SILVER 750ML', 47, '750ML', 11.99, 0),
(36, '83664120260', 'CRUZAN BLACK CHERRY RUM 750ML', 16, '750ML', 11.99, 0),
(37, '4060', 'RONRICO RUM GOLD 750ML', 19, '750ML', 12.49, 0),
(38, '3900', 'CALICO JACK COCONUT 750ML', 16, '750ML', 12.99, 0),
(39, '10074959', 'COLBY RED RED BLEND 750ML', 38, '750ML', 12.99, 0),
(40, '1521', 'CROWN ROYAL 6PK 50ML', 9, '6PK 50ML', 13.49, 0),
(41, '2551', '360 VODKA DBL CHOC 750ML', 16, '750ML', 13.99, 0),
(42, '2554', '360 VODKA LEMON 750ML', 16, '750ML', 13.99, 0),
(43, '10075082', 'BONTERRA CABERNET SAUV 750ML', 8, '750ML', 14.49, 0),
(44, '1300', 'CRUZAN STRAWBERRY RUM 750ML', 16, '750ML', 14.99, 0),
(45, '2519', 'SMIRNOFF SOUR GREEN APPLE 750ML', 16, '750ML', 14.99, 0),
(46, '2555', '360 VODKA CHERRY 750ML', 16, '750ML', 14.99, 0),
(47, '10074625', 'CRUZAN BANANA RUM 750ML', 16, '750ML', 14.99, 0),
(48, '10074815', 'MC CORMICK CHERRY VODKA 1.75ML', 16, '750ML', 14.99, 0),
(49, '3047', 'CROWN GIFT SET CANNISTER', 9, 'EACH', 14.99, 0),
(50, '2488', 'PUCKER CHERRY VODKA 750ML', 16, '750ML', 15, 0),
(51, '10075055', 'PUCKER CITRUS VODKA 750ML', 16, '750ML', 15, 0),
(52, '10074996', 'CAP MORGAN WATER SMASH 750ML', 16, '750ML', 15.99, 0),
(53, '1807', 'EXOTICO REPOSADO TEQ 750ML', 39, '750ML', 16.99, 0),
(54, '1953', 'EL MEXICANO TEQ BLANCO 750ML', 47, '750ML', 16.99, 0),
(55, '2020', 'CRUZAN RASPBERRY RUM 750ML', 16, '750ML', 16.99, 0),
(56, '2668', 'CRUZAN ORANGE RUM 750ML', 16, '750ML', 16.99, 0),
(57, '10074611', 'CRUZAN PEACH RUM 750ML', 16, '750ML', 16.99, 0),
(58, '10074718', 'FLUERS DE PRARIE FRENCH ROSE 750', 41, '750ML', 17.49, 0),
(59, '2849', 'CIROC BLK RASP 375ML', 16, '375ML', 17.99, 0),
(60, '2522', 'SMIRNOFF RASPBERRY 750ML', 16, '750ML', 17.99, 0),
(61, '2529', 'SMIRNOFF SOUR BERRY LEMON 750ML', 16, '750ML', 17.99, 0),
(62, '3098', 'PINNACLE CAKE VODKA 750ML', 16, '750ML', 17.99, 0),
(63, '10074957', 'AGAVALES REPOSADO TEQ 750ML', 39, '750ML', 17.99, 0),
(64, '10074865', 'AGAVALES GOLD 110 PF TEQ 1.0L', 19, '1.0L', 18.49, 0),
(65, '2207', 'MAKERS MARK BOURBON 375ML', 7, '375ML', 18.99, 0),
(66, '1724', 'NEW AMSTERDAM LONDON GIN 750ML', 24, '750ML', 18.99, 0),
(67, '10074833', 'BACARDI BANANA RUM 70 750ML', 16, '750ML', 18.99, 0),
(68, '10075182', 'BALLANTINE FINEST SCOTCH 750ML', 46, '750ML', 18.99, 0),
(69, '1077', 'CASTILLO GOLD PET 1.75L', 19, '1.75L', 19.49, 0),
(70, '1082', 'CAP MORGAN WHITE RUM 750ML', 52, '750ML', 19.49, 0),
(71, '10075138', 'CAP MORGAN COCONUT RUM 750ML', 16, '750ML', 19.49, 0),
(72, '10075011', 'BACARDI GOLD 1.0L', 16, '1.0L', 19.99, 0),
(73, '1864', 'BOTA BOX PINOT GRIGIO 3L', 35, '3L', 19.99, 0),
(74, '3571', 'CRAFTHOUSE MOSCOW MULE 750', 30, '750ML', 19.99, 0),
(75, '2128', 'CM PARROT BAY COCONUT 1.0L', 16, '1.0L', 21.99, 0),
(76, '1395', 'SAUZA BLUE SILVER 750ML', 47, '750ML', 21.99, 0),
(77, '2231', 'CAP MORG ORG SPIC RUM 1.0L', 48, '1.0L', 22.99, 0),
(78, '10074671', '1800 Mango Margarita 1.75', 16, '1.75L', 22.99, 0),
(79, '1956', 'EL JIMADOR REPO W/GLS 750ML', 39, '750ML', 22.99, 0),
(80, '2560', '360 VODKA RASP 750ML', 16, '750ML', 22.99, 0),
(81, '10074355', 'BSB BROWN SUGAR BOURBON 750', 7, '750ML', 22.99, 0),
(82, '2930', 'CAP MORGAN SILVER 1.0L', 47, '1.0L', 23.99, 0),
(83, '2217', 'MALIBU COCONUT 1.0L', 16, '1.0L', 25.99, 0),
(84, '10074714', 'BALLANTINE FINEST SCOTCH 1.75L', 46, '1.75L', 25.99, 0),
(85, '10074384', 'PENASCO REPOSADO 750ML', 39, '750ML', 25.99, 0),
(86, '10075263', 'JIM BEAM RYE 750ML', 42, '750ML', 25.99, 0),
(87, '2931', 'CAP MORGAN SILVER 1.75L', 47, '1.75L', 26.49, 0),
(88, '10075310', 'CAPT MORGAN SPICED RUM 50ml 1.75', 48, '1.75L', 26.99, 0),
(89, '1816', 'FAMILA CAMARENA SIL 750ML', 47, '750ML', 26.99, 0),
(90, '3847', 'DEVILS RIVER BOURBON GIFT PAK', 7, '750ML', 27.99, 0),
(91, '10074880', 'KETEL ONE W/GLASS', 16, '750ML', 27.99, 0),
(92, '2626', 'CROWN ROYAL BBN MASH 750ML', 9, '750ML', 28.99, 0),
(93, '10074513', '1800 SILVER GIFT SET 750ML', 47, '750ML', 28.99, 0),
(94, '10074918', 'AGAVALES GOLD TEQ 1.75L', 19, '1.75L', 29.49, 0),
(95, '1273', 'CRUZAN VANILLA RUM 1.75L', 16, '1.75L', 29.99, 0),
(96, '1498', 'CROWN ROYAL 2 GLASS GFT 750ML', 9, '750ML', 29.99, 0),
(97, '3832', 'ABSOLUT BLACK 750ML', 16, '750ML', 29.99, 0),
(98, '10074550', 'CROWN ROYAL GLASS GFT 750ML', 9, '750ML', 29.99, 0),
(99, '2875', 'CROWN ROYAL RODEO 750ML', 9, '750ML', 30.99, 0),
(100, '2884', 'CROWN ROYAL COWBOYS 750ML', 9, '750ML', 30.99, 0),
(101, '10074551', 'CROWN ROYAL DELUXE 750ML W/2 50ML', 9, '750ML', 30.99, 0),
(102, '1601', 'CORRALEJO BLANCO 750ML', 47, '750ML', 31.99, 0),
(103, '10075134', 'CORRALEJO ANEJO 750ML', 3, '750ML', 31.99, 0),
(104, '10075142', 'CORRALEJO REPOSADO 750ML', 39, '750ML', 31.99, 0),
(105, '1595', 'CORAZON BLANCO 750ML', 47, '750ML', 35.49, 0),
(106, '2727', 'CIROC WATERMELON VODKA 750ML', 16, '750ML', 35.99, 0),
(107, '3833', 'ABSOLUT BLUE 1.0L', 16, '1.0L', 36.99, 0),
(108, '3726', 'CROWN XO GIFT SET', 9, 'EACH', 36.99, 0),
(109, '10074363', 'CHIVAS REGAL EXTRA BLENDED SCOTTCH WHISKEY', 46, '750ML', 37.99, 0),
(110, '10075042', 'JIM BEAM BLACK 8YR 1.75L', 7, '1.75L', 38.99, 0),
(111, '2280', 'CIROC ROYAL VAN VODKA 750ML', 16, '750ML', 38.99, 0),
(112, '3184', 'CIROC PEACH 750ML', 16, '750ML', 38.99, 0),
(113, '10075214', 'CIROC COCONUT 750ML', 16, '750ML', 38.99, 0),
(114, '10075297', 'GLENLIVET 12YR W/2GLS 750ML', 46, '750ML', 41.99, 0),
(115, '3593', 'GLENLIVET FOUNDERS RSV 750ML', 46, '750ML', 42.99, 0),
(116, '10074602', 'EIFEL FOUCHE COGNAC VSOP 750ML', 13, '750ML', 42.99, 0),
(117, '10074875', 'SKELLY TEQUILA BLANCO 750ML', 4, '750ML', 42.99, 0),
(118, '1596', 'CORAZON ANEJO 750ML', 3, '750ML', 43.49, 0),
(119, '10074642', 'BOONDOCKS CASK STRENGTH AMERICAQN WHISKEY 750ML', 2, '750ML', 43.99, 0),
(120, '10074638', 'BUCHANAN\'S SCOTCH 12YR 1.0L', 46, '1.0L', 46.99, 0),
(121, '3218', 'CROWN ROYAL COWBOYS 1.75', 9, '1.75L', 52.99, 0),
(122, '10074455', 'LAPHORAG SCOTCH 10YR 750ML', 46, '750ML', 52.99, 0),
(123, '1508', 'SKELLY TEQUILA ANEJO 750ML', 3, '750ML', 53.99, 0),
(124, '10074536', 'GLENMORANGIE ORIGINAL 750ML', 46, '750ML', 54.99, 0),
(125, '1112', 'CASA MAESTRI ANEJO TEQUILA 750ML', 3, '750ML', 57.99, 0),
(126, '2451', 'HERRADURA ANEJO 750ML', 3, '750ML', 59.99, 0),
(127, '10075008', 'BRUICHLADDICH LADDIE SCOTCH', 46, '750ML', 61.49, 0),
(128, '10074598', 'DON JULIO ANEJO 70TH  750ML', 3, '750ML', 69.99, 0),
(129, '10074727', 'RABBIT HOLE HEIGOLD BOURBON 750ML', 7, '750ML', 73.99, 0),
(130, '3091', 'LAPHROAIG 15YR SCOTCH 750ML', 46, '750ML', 78.99, 0),
(131, '2902', 'MACALLAN 15YR 750ML', 46, '750ML', 104.99, 0),
(132, '10074416', 'GLENLIVET 18YR 750ML', 46, '750ML', 135.99, 0),
(133, '2946', 'HEAVEN DOOR BOURBON 10YR 750ML', 7, '750ML', 139.49, 0),
(134, '2904', 'MACALLAN 17YR 750ML', 46, '750ML', 177.99, 0),
(135, '1722', 'NEW AMSTERDAM PINEAPPLE VODKA 375ML', 16, '375ML', 6.49, 1),
(136, '1712', 'MR MRS T BLOODY MARY MIX 1.75ML', 5, '1.75L', 7.99, 1),
(137, '10074522', 'COORS LIGHT 6 PK 12 OZ BTL', 32, '6 PK 12 OZ BTL', 7.99, 1),
(138, '10074883', 'KEYSTONE LIGHT 15 PK 12 OZ CAN', 32, '30 PACK 12 OZ CAN', 9.99, 1),
(139, '10074650', 'CUPCAKE MERLOT 750ML', 28, '750ML', 9.99, 1),
(140, '1651', 'BECKER CAB SAUV 750ML', 8, '750ML', 10.49, 1),
(141, '10074440', 'JIM BEAM DEVIL\'S CUT 375ML', 7, '375ML', 11.99, 1),
(142, '1457', 'CASTILLO SPICED 750ML', 48, '750ML', 11.99, 1),
(143, '10074540', 'ABSOLUT STRAWBERRY JUICE 375', 16, '375ML', 12.49, 1),
(144, '10074686', 'BLOODY BUDDY  W/VKA 750ML', 5, '750ML', 12.99, 1),
(145, '10074977', 'ABSOLUT CITRON 375ML', 16, '375ML', 15.99, 1),
(146, '10074796', 'FRANZIA CHARDONNAY 5.0L', 11, '5.0L', 15.99, 1),
(147, '1319', 'CUPKAKE MOSCATO WINE', 29, '750ML', 15.99, 1),
(148, '10074834', 'CAP MORGAN APPLE SMASH 750ML', 16, '750ML', 15.99, 1),
(149, '1862', 'BOTA BOX MERLOT 3L', 28, '3L', 19.99, 1),
(150, '2232', 'CAP MORGAN BLK SPICD RUM 750ML', 48, '750ML', 20.99, 1),
(151, '3701', '1800 MARGARITA PINEA RTD 1.75L', 27, '1.75L', 22.99, 1),
(152, '3714', '1800 RASEBERRY MARGARITA 1.75', 16, '1.75L', 22.99, 1),
(153, '10075164', '1800 MARGARITA PEACH RTD 1.75L', 27, '1.75L', 22.99, 1),
(154, '10074750', 'LAVACA BLUFFS BLESSING CABERNET 750ML', 8, '750ML', 23.99, 1),
(155, '1748', 'MYERS JAMAICAN ORIGINAL DARK RUM 750ML', 15, '750ML', 24.99, 1),
(156, '10075167', 'JAGERMISTER COLD BREW 750ML', 22, '750ML', 24.99, 1),
(157, '2167', 'DOS EQUIS SPECIAL 18PK 12OZ CN', 32, '18 PK 12 OZ CAN', 28.49, 1),
(158, '10075056', 'COORS 12OZ CAN 24 PACK', 32, '24 PK 12 OZ CAN', 28.49, 1),
(159, '1594', 'CORAZON REPOSADO 750ML', 39, '750ML', 29.99, 1),
(160, '2233', 'CAP MORGAN BLK SPICD RUM 1.75L', 48, '1.75L', 30.99, 1),
(161, '1096', 'CASA MAESTRI REPOSADO TEQUILA 750', 39, '750ML', 55.99, 1),
(162, '2705', 'DON JULIO ANEJO 750ML', 3, '750ML', 63.99, 1),
(163, '10074849', 'GLENMORANGIE SCOTCH 18YR', 46, '750ML', 128.99, 1),
(164, '10074584', 'NEW AMSTERDAM LEMON  VODKA 375ML', 16, '375ML', 6.49, 2),
(165, '10074949', 'NEW AMSTERDAM VODKA 375ML', 16, '375ML', 6.49, 2),
(166, '10074450', 'KAHULA MUDSLIDE RUM LIQUEOR 4 PK', 31, '4PK', 6.99, 2),
(167, '10074912', 'BURNETTS VODKA 750ML', 16, '750ML', 7.99, 2),
(168, '10074240', 'BURNETTS VANILLA VODKA 750ML', 16, '750ML', 9.99, 2),
(169, '10074361', 'BURNETTS CITRUS VODKA 750ML', 16, '750ML', 9.99, 2),
(170, '10075331', 'BAREFOOT CALIF CHARD 1.5L', 11, '1.5L', 11.49, 2),
(171, '33383146836', 'RUFFINO PINOT GRIGIO WINE', 35, '750ML', 11.99, 2),
(172, '10074748', 'CALYPSO GOLD RUM 1.75ML', 19, '1.75L', 13.99, 2),
(173, '10074559', 'EL JIMADOR TEQUILA REPO 375ML', 39, '375ML', 13.99, 2),
(174, '10074289', 'CRUZAN COCONUT RUM 750ML', 16, '750ML', 14.99, 2),
(175, '10074410', 'FRANZIA MERLOT 5.0L', 28, '5.0L', 15.99, 2),
(176, '1979', 'CIROC VS 375ML', 16, '375ML', 17.99, 2),
(177, '2933', 'CAP MORGAN SPCD SILVER 750ML', 48, '750ML', 19.49, 2),
(178, '3103', 'BOTA BOX CABERNET SAUVIGNON 3L', 8, '3L', 19.99, 2),
(179, '10075312', 'AVION SILVER TEQUILA 375ML', 47, '375ML', 20.99, 2),
(180, '1667', 'ABSOLUT JUICE STRAWVBERRY 750ML', 16, '750ML', 22.49, 2),
(181, '1612', 'JOSE CUERVO REPO TRADICIONAL', 39, '750ML', 24.99, 2),
(182, '10075143', 'JOSE CUERVO SILVER TRADICIONAL 750ML', 47, '750ML', 24.99, 2),
(183, '3517', 'COOPER & THIEF RED WINE BLEND', 38, '750ML', 26.14, 2),
(184, '10074417', 'GLENLIVET SCOTCH 12YR 375ML', 46, '375ML', 26.99, 2),
(185, '10074380', 'DEVILS RIVER BOURBON WHISKY 750ML', 7, '750ML', 27.99, 2),
(186, '10075073', 'ELIJAH CRAIG BOURBON 94P 750ML', 7, '750ML', 32.49, 2),
(187, '10075288', 'CABO WABO BLANCO 750ML', 47, '750ML', 34.99, 2),
(188, '3149', 'PENDLETON MIDNIGHT CANADIAN WHISKEY 750ML', 9, '750ML', 42.99, 2),
(189, '10074543', 'BRECKENRIDGE BOURBON WHISKEY  750ML', 7, '750ML', 42.99, 2),
(190, '10075000', 'EL TESORO BLANCO TEQUILA 750ML', 47, '750ML', 42.99, 2),
(191, '3192', 'BUCHANNAN\'S MASTER SCOTCH 750ML', 46, '750ML', 46.49, 2),
(192, '2423', 'AVION REPOSADO 750ML', 39, '750ML', 47.99, 2),
(193, '2684', 'DON JULIO REPOSADO 750ML', 39, '750ML', 58.99, 2),
(194, '10075215', 'OSHAUGHNESSY CAB SAUV  750ML', 8, '750ML', 81.99, 2),
(195, '10075001', 'GEORGE T STAGG BOURBON 750', 7, '750ML', 123.99, 2),
(196, '10075349', 'CRUZAN MANGO RUM 50ML', 16, '50ML', 1.04, 3),
(197, '3274', 'REDSTRIPE 6 PK 11.2 OZ BTL', 32, '6 PK 12 OZ BTL', 8.99, 3),
(198, '2891', 'BURNETTS COCONUT VODKA 750ML', 16, '750ML', 9.99, 3),
(199, '2896', 'BURNETTS SOURAPPLE VODKA 750ML', 16, '750ML', 9.99, 3),
(200, '2633', 'BERINGER WHT ZINFANDEL 1.5L', 54, '1.5L', 11.49, 3),
(201, '3834', 'ABSOLUT APPLE JUICE 375', 16, '375ML', 12.49, 3),
(202, '10074385', 'DEVILS RIVER BOURBON WHISKY 375ML', 7, '375ML', 13.99, 3),
(203, '2556', '360 VODKA VANILLA 750ML', 16, '750ML', 13.99, 3),
(204, '1301', 'CRUZAN VANILLA RUM 750ML', 16, '750ML', 14.99, 3),
(205, '1734', 'NEW AMSTERDAM PINEAPPLE VODKA 750ML', 16, '750ML', 14.99, 3),
(206, '3197', 'FRANZIA WHT ZINF 5.0L', 54, '5.0L', 15.99, 3),
(207, '2521', 'SMIRNOFF STRAWBERRY 750ML', 16, '750ML', 17.99, 3),
(208, '10074239', 'SMIRNOFF VANILLA VODKA 750ML', 16, '750ML', 17.99, 3),
(209, '10074836', '1800 REPOSADO 375ML', 39, '375ML', 18.99, 3),
(210, '10074950', 'NEW AMSTERDAM RUBY RED VODKA 750ML', 16, '750ML', 18.99, 3),
(211, '10075016', 'NEW AMSTERDAM APPLE VODKA 750ML', 16, '750ML', 18.99, 3),
(212, '1435', 'JIM BEAM BOURBON 4YR TRAVEL 750ML', 7, '750ML', 21.99, 3),
(213, '10074713', '1800 JALAPENO LIME READY 1.75ML', 16, '1.75L', 22.99, 3),
(214, '10074573', 'JOSE CUERVO ESPECIAL SILVER TEQUILA 750ML', 47, '750ML', 22.99, 3),
(215, '10075272', 'FOUR ROSES KENTUCKYT STRAIGHT BOURBON 750', 7, '750ML', 24.49, 3),
(216, '1778', 'JIM BEAM BOURBON 4YR 1.0L', 7, '1.0L', 25.99, 3),
(217, '10074816', 'McCLELLAND\'S SINGLE MALT SCOTCH 750 ML', 46, '750ML', 25.99, 3),
(218, '10074557', 'EL JIMADOR ANEJO 750ML', 3, '750ML', 26.99, 3),
(219, '10074934', 'FLOR CANA WHITE 4YR 1.75L', 52, '1.75L', 27.99, 3),
(220, '1977', 'CIROC SNAP FROST WITH APPLE/PEACH 50ML-750ML', 16, '750ML', 29.99, 3),
(221, '2876', 'CROWN ROYAL SALTED CRML 750ML', 9, '750ML', 31.99, 3),
(222, '2848', 'CIROC BLK RASP 750ML', 16, '750ML', 35.99, 3),
(223, '1414', 'AVION SILVER TEQUILA w 2 50ml750ML', 47, '750ML', 42.99, 3),
(224, '3705', 'EL TESORO REPO TEQUILA 750ML', 39, '750ML', 46.99, 3),
(225, '10074357', 'BULLEIT BOURBON 10YR 750ML', 7, '750ML', 48.49, 3),
(226, '3194', 'BUCHANAN\'S SCOTCH 12YR 1.75L', 46, '1.75L', 72.99, 3),
(227, '10075023', 'JOIA SPARKLING GREYHOUND 355ML', 18, '355ML', 3.19, 4),
(228, '10075260', 'BLOODY BUDDY 200ML', 5, '200ML', 3.49, 4),
(229, '1708', 'MSTR MARGARITA MIX 1.0L', 27, '1.0L', 5.99, 4),
(230, '2964', 'ANDRE CHAMP BLUSH 750ML', 10, '750ML', 6.99, 4),
(231, '10074831', 'BUD LT 6 PK 16 OZ CAN', 32, '12 PK 12 OZ CAN', 7.49, 4),
(232, '2632', 'BERINGER WHT ZINFANDEL 4x187ML', 54, '187ML', 8.99, 4),
(233, '1418', 'LONE STAR LIGHT 6 PK 12 OZ BTL', 32, '6 PK 12 OZ BTL', 8.99, 4),
(234, '1801', 'MORALES GOLD BLUE AGAVE 750ML', 19, '1.0L', 9.99, 4),
(235, '10075094', 'BURNETTS WHIPPED CREAM 750ML', 16, '750ML', 9.99, 4),
(236, '10075243', 'BAREFOOT BUBBLY PINK MOS 750ML', 34, '750ML', 9.99, 4),
(237, '1611', 'CORONA FAMILIAR BEER 6 PAK BOTTLE', 32, '6 PK 12 OZ BTL', 10.49, 4),
(238, '10074329', 'PACIFICO  6 PK 12OZ BOTTLE', 32, '6 PK 12 OZ BTL', 10.49, 4),
(239, '10074595', 'CORONA LIGHT 6 PK 12 OZ BTL', 32, '6 PK 12 OZ BTL', 10.49, 4),
(240, '10074604', 'PAUL MASSON PINEAPPLE BRANDY 750ML', 16, '750ML', 11.99, 4),
(241, '1736', 'BOGLE CHARDONNAY WINE 750ml', 11, '750ML', 13.99, 4),
(242, '10075240', 'ROBERT MONDAVI MERLOT', 28, '750ML', 13.99, 4),
(243, '1424', 'ABSOLUT BLUE 375ML', 16, '375ML', 15.99, 4),
(244, '3113', 'PETER VELLA WHITE ZIFANDEL BOX WINE', 54, 'EACH', 15.99, 4),
(245, '10075258', 'RON RIO RUM GOLD 1.75L', 19, '1.75L', 16.99, 4),
(246, '2279', 'CIROC SNAP FROST VODKA 375ML', 16, '375ML', 17.99, 4),
(247, '3694', '1800 MARGARITA POMG RTD 1.75L', 27, '1.75L', 18, 4),
(248, '1737', 'NEW AMSTERDAM PINK WHITNEY VODKA 750ML', 16, '750ML', 18.99, 4),
(249, '10074965', 'MODELO ESPECIAL 12 PK BTL', 32, '12 PK 12 OZ BTL', 19.99, 4),
(250, '3237', 'GULF BREEZE CHARDONNAY 750ML', 11, '750ML', 21.49, 4),
(251, '3302', 'JOSE CUERVO MARGRITA RTD', 27, '1.75L', 22.99, 4),
(252, '3512', '1800 MARGARITA ORANGE RTD 1.75L', 27, '1.75L', 22.99, 4),
(253, '10074324', 'JOSE CUERVO GOLD WITH MIX 750ML', 19, '750ML', 22.99, 4),
(254, '2729', 'CM PARROT BAY COCONUT 1.75L', 16, '1.75L', 25.99, 4),
(255, '10074644', 'BACARDI GOLD 1.75L', 16, '1.75L', 25.99, 4),
(256, '1337', 'HIJOS TEQ REVOLVER SILV 200ML', 47, '200ML', 25.99, 4),
(257, '10075216', 'PATRON TEQ REPOSADO 375ML', 39, '375ML', 26.99, 4),
(258, '10074392', 'ESPOLON BLANCO 750ML', 47, '750ML', 27.99, 4),
(259, '1978', 'CIROC SNAP FROST VODKA WITH SHOT GLASS 750ML', 16, '750ML', 29.99, 4),
(260, '1556', 'JOSE CUERVO SILVER BLUE AGAVE 1.75ML', 47, '1.75L', 39.99, 4),
(261, '10074628', 'CABO WABO REPOSADO 750ML', 39, '750ML', 39.99, 4),
(262, '2202', 'JAGERMEISTER 1.75L', 22, '1.75L', 48.99, 4),
(263, '2661', 'DON JULIO SILVER BLANCO 750ML', 47, '750ML', 53.99, 4),
(264, '3856', 'GLENLIVET 12YR FIRST FILL 750ML', 46, '750ML', 55.99, 4),
(265, '3322', 'RANGER CREEK .36 TEXAS BOURBON 750ML', 7, '750ML', 56.99, 4),
(266, '10075089', 'CROWN ROYAL BLACK 1.75L', 9, '1.75L', 64.99, 4),
(267, '2425', 'GLENFIDDICH 15YR SOLERA 750ML', 46, '750ML', 66.99, 4),
(268, '10074923', 'BALVENIE WHISKEY SCOTH 12 yr 750ML', 46, '750ML', 69.99, 4),
(269, '2958', 'HENNESSY VS COGNAC 1.75L', 13, '1.75L', 86.99, 4),
(270, '2466', 'GLENFIDDICH 12 YR 1.75L', 46, '1.75L', 89.99, 4),
(271, '3422', 'BOOKERS BOURBON 750ML', 7, '750ML', 90.99, 4),
(272, '10074290', 'CRUZAN COCONUT RUM 50ML', 16, '50ML', 1.04, 5),
(273, '1593', 'CORONA EXTRA 24 OZ SGL CAN', 32, '24 OZ SGL CAN', 2.79, 5),
(274, '2484', 'CRAFTERS UNION ROSE 375ML', 41, '375ML', 5.49, 5),
(275, '1704', 'MSTR MIX PINA COLADA 750ML', 33, '750ML', 5.99, 5),
(276, '3698', 'LLANO SIG ROSE 750ML', 41, '750ML', 8.49, 5),
(277, '1006', 'KINKY COCKTAILS ALOHA 6PK', 18, '6 PK 12 OZ BTL', 9.99, 5),
(278, '3323', 'READY RITA MARGARITA BAG', 27, 'EACH', 10.99, 5),
(279, '1861', 'MIRASSOU PINOT NOIR 750ML', 36, '750ML', 11.99, 5),
(280, '10074359', 'CALYPSO SPICED RUM 1.75ML', 48, '1.75L', 13.99, 5),
(281, '2893', 'BURNETTS PINK LEMONADE 1.75ML', 16, '1.75L', 14.99, 5),
(282, '1459', 'CAVIT MOSCATO 1.5', 29, '1.5L', 15.99, 5),
(283, '1133', 'SKOL RUM SILVER 1.75L', 52, '1.75L', 15.99, 5),
(284, '1134', 'SKOL RUM DARK 1.75L', 15, '1.75L', 15.99, 5),
(285, '10074967', 'POTTERS CROWN CANADIAN 1.75L', 9, '1.75L', 15.99, 5),
(286, '10074521', 'COORS LIGHT 12 PK BOTTLE', 32, '12 PK 12 OZ BTL', 16.49, 5),
(287, '10074246', 'TWISTED TEA VTY PK 12OZ CAN 12 PK', 20, '12 OZ CAN', 16.99, 5),
(288, '2850', 'CIROC PEACH 375ML', 16, '375ML', 17.99, 5),
(289, '10074321', 'CAP MORGAN ORG SPCD RUM 750ML', 48, '750ML', 17.99, 5),
(290, '10074879', 'KIM CRAWFORD SAUVIGNON BLANC', 44, '750ML', 18.49, 5),
(291, '10074819', 'BOTA BOX DRY ROSE 3L', 41, '3L', 19.99, 5),
(292, '10074745', 'CABA ESTRELLA REPOSADO 750ML', 39, '750ML', 20.49, 5),
(293, '10074749', 'CROWN XO 375 ML', 9, '375ML', 23.99, 5),
(294, '10074948', 'EL JIMADOR REPOSADO 750ML', 39, '750ML', 23.99, 5),
(295, '1531', 'MEIOMI PINOT NOIR WINE 750 ML', 36, '750ML', 24.49, 5),
(296, '10075232', 'CRUZAN COCONUT RUM 1.75L', 16, '1.75L', 28.99, 5),
(297, '2659', 'CAZADORES REPOSADO 750ML', 39, '750ML', 28.99, 5),
(298, '2298', 'BLUE CHAIR COCONUT RUM 1.75', 16, '1.75L', 31.99, 5),
(299, '10074453', 'KRAKEN BLACK SPICED RUM 1.75L', 48, '1.75L', 31.99, 5),
(300, '10074618', 'SAUZA SILVER 1.75L', 47, '1.75L', 34.99, 5),
(301, '2843', 'IRISHMAN  IRISH WHISKEY 750', 46, '750ML', 36.49, 5),
(302, '10074449', 'JOHNIEE WALKER THRONE WHITE SCOTCH 750ML', 46, '750ML', 36.49, 5),
(303, '2448', 'HERRADURA REPOSADO SQ 750ML', 39, '750ML', 42.99, 5),
(304, '10075351', 'MILAGRO SILVER BARREL 750ML', 47, '750ML', 43.99, 5),
(305, '1945', 'GLENLIVET 12YR 750ML', 46, '750ML', 50.99, 5),
(306, '3693', '1800 COCONUT TEQUILA 1.75ML', 16, '1.75L', 51.49, 5),
(307, '2424', 'GLENFIDDICH 14YR 750ML', 46, '750ML', 52.99, 5),
(308, '10074376', 'PATRON TEQ REPOSADO 750ML', 39, '750ML', 56.99, 5),
(309, '10075204', 'PATRON TEQ SILVER W/ MULE MUG 1.75L', 47, '1.75L', 99.49, 5),
(310, '10074771', 'CROWN ROYAL XR 750ML', 9, '750ML', 129.99, 5),
(311, '10074863', 'JOIA SPARKLING MOSCOW MULE 355ML', 30, '4PK', 3.19, 6),
(312, '10074587', 'NEW AMSTERDAM RED BERRY VODKA 375ML', 16, '375ML', 6.49, 6),
(313, '1137', 'SKOL RUM SILVER 1.0L', 52, '1.0L', 7.99, 6),
(314, '1709', 'MSTR MIX PINA COLADA 1.75L', 33, '1.75L', 7.99, 6),
(315, '3243', 'GUINNESS DRAUGHT 4 PK 14.9 OZ CAN', 49, '4 PK 14.9 OZ CAN', 8.49, 6),
(316, '10074994', 'RON RIO RUM WHITE 1.0L', 52, '1.0L', 9.99, 6),
(317, '10075059', 'KINKY COCKTAIL BLUE 6PK', 18, '6 PK 12 OZ', 9.99, 6),
(318, '10075033', 'CW SPICY BLOODY MARY CAN', 5, '6 PK 12 OZ', 10.99, 6),
(319, '3264', 'CHATEAU STE MICHELLE CHARDONNAY 750ML', 11, '750ML', 11.49, 6),
(320, '3260', 'CHATEAU LA PAWS RED WINE BLEND', 38, '750ML', 12.99, 6),
(321, '10074590', 'PAUL MASON APPLE BRANDY 750ML', 16, '750ML', 12.99, 6),
(322, '10075332', '19 CRIMESHARD CHARD 4 PACK', 11, '4PK', 13.99, 6),
(323, '2907', 'ESTANCIA CAB SAUV 750ML', 8, '750ML', 13.99, 6),
(324, '3031', '14 HANDS RED BLEND 750ML', 38, '750ML', 13.99, 6),
(325, '1384', 'KAHLUA RTD ORGL MUDSLIDE 1.75L', 31, '1.75L', 14.99, 6),
(326, '10075229', 'RON MAARTEN RUM GOLD 1.75L', 19, '1.75L', 15.99, 6),
(327, '1666', 'ABSOLUT LIME 375 ML', 16, '375ML', 15.99, 6),
(328, '2375', 'KAMORA COFFEE LIQUEUR GFT PACK 750ML', 12, '750ML', 15.99, 6),
(329, '10074936', 'MATUA SAUV BLANC WINE 750ML', 44, '750ML', 15.99, 6),
(330, '2852', 'CIROC PINEAPPLE 375ML', 16, '375ML', 17.99, 6),
(331, '2524', 'SMIRNOFF RUBY RED 750ML', 16, '750ML', 17.99, 6),
(332, '10075276', 'SAUZA GOLD 750ML', 19, '750ML', 18.49, 6),
(333, '10075122', 'NEW AMSTERDAM VODKA 750ML', 16, '750ML', 18.99, 6),
(334, '10074250', 'CASTILLO SILVER PET 1.75L', 47, '1.75L', 19.99, 6),
(335, '2812', 'BUCHANAN\'S DELUXE SCOTCH 375 ML', 46, '375ML', 19.99, 6),
(336, '3102', 'BOTA BOX CHARDONNAY 3L', 11, '3L', 19.99, 6),
(337, '2730', 'CM PARROT BAY COCONUT 750ML', 16, '750ML', 19.99, 6),
(338, '2135', 'DON Q RUM GOLD 1.75L', 19, '1.75L', 21.99, 6),
(339, '2190', 'MALIBU ISLAND SPICE 750ML', 48, '750ML', 21.99, 6),
(340, '10075202', 'BLUE CHAIR BAY WHITE RUM 750ML', 16, '750ML', 21.99, 6),
(341, '1998', 'BULLEIT RYE MASH WHISKEY 750ML', 42, '750ML', 30.99, 6),
(342, '10074400', 'EXOTICO BLANCO TEQ  175L', 47, '1.75L', 33.99, 6),
(343, '10074515', '1876 TEXAS BOURBON 750ML', 7, '750ML', 34.49, 6),
(344, '2281', 'CIROC SNAP FROST VODKA W/ MUSIC BOX 750ML', 16, '750ML', 35.99, 6),
(345, '2164', 'CLYDE MAYS BOURBON WHISKEY 750', 7, '750ML', 39.99, 6),
(346, '2719', 'HERRADURA SILVER 750ML', 47, '750ML', 42.99, 6),
(347, '3836', 'AVION SILVER TEQUILA 750ML', 47, '750ML', 42.99, 6),
(348, '3597', 'GLENLIVET CARIBEAN SCOTCH 750', 46, '750ML', 43.99, 6),
(349, '2947', 'HEAVEN\'S DOOR BOURBON 750ML', 7, '750ML', 46.99, 6),
(350, '10074419', 'GLENLIVET12YR SCOTCH 750ML', 46, '750ML', 49.99, 6),
(351, '3620', 'GLENMORANGIE 10YR GIFT SET  750ML', 46, '750ML', 54.99, 6),
(352, '10074418', 'GLENLIVET SCOTCH 15YR FRENCH OAK750ML', 46, '750ML', 73.99, 6),
(353, '10075037', 'JEFFERSON\'S OCEAN BOURBON WHISKEY 750ML', 7, '750ML', 83.99, 6),
(354, '10074971', 'GARRISON BROS TX BBN 750ML', 7, '750ML', 84.99, 6),
(355, '10074920', 'ANGEL ENVY RYE 750ML', 42, '750ML', 97.49, 6),
(356, '10074379', 'PATRON TEQ SILVER 1.75L', 47, '1.75L', 99.49, 6),
(357, '1004', 'GLENFIDDICH 21 YR RSV 750ML', 46, '750ML', 174.99, 6),
(358, '2950', 'PAUL MASSON PEACH BRANDY 50ML', 16, '50ML', 1.04, 7),
(359, '2341', 'CRAFTERS UNION RED BLEND 375ML', 38, '375ML', 5.49, 7),
(360, '3052', 'CRANE LAKE MOSCATO 750ML', 29, '750ML', 5.99, 7),
(361, '1668', 'CRANE LAKE CAB 1.5L', 8, '1.5L', 9.99, 7),
(362, '1679', 'KINKY COCKTAIL RED 6PK', 18, '6 PK 12 OZ BTL', 9.99, 7),
(363, '2918', 'KARBACH CRAWFORD BOCK 6PK', 6, '6 PK 12 OZ BTL', 9.99, 7),
(364, '3164', 'SHINER PREMIIUM 6PK 12OZ BOTTLE', 6, '6 PK 12 OZ BTL', 9.99, 7),
(365, '3246', 'GUINNESS DRAUGHT 6 PACK', 49, '6 PK 12 OZ CAN', 9.99, 7),
(366, '10074911', 'BURNETTS WAT 750ML', 16, '750ML', 9.99, 7),
(367, '2210', 'MALIBU COCONUT PET 375ML', 16, '375ML', 10.99, 7),
(368, '10074296', 'SMIRNOFF VODKA 100 PROOF 375ML', 16, '375ML', 10.99, 7),
(369, '1324', 'HIRAM WALKER BUTTERSCOTCH FLAVORED SCHNAPPS 1L', 45, '1.0L', 11.99, 7),
(370, '10074862', 'JOIA SPARKLING MOSCOW MULE 4PK', 30, '355ML', 11.99, 7),
(371, '2844', 'J CUERVO ESP SILVER 375ML', 47, '375ML', 12.99, 7),
(372, '10075085', 'BOGLE MERLOT WINE 750ML', 28, '750ML', 13.99, 7),
(373, '10075265', 'MIA DOLCEA MOSCATO WINE 750ML', 29, '750ML', 13.99, 7),
(374, '10075280', 'BLOODY BUDDY 1L', 5, '1.0L', 14.49, 7),
(375, '10075308', 'FLOR CANA WHITE 4YR 750ML', 52, '750ML', 15.99, 7),
(376, '10074701', 'BLUE CHAIR SPICED RUM 750ML', 48, '750ML', 17.99, 7),
(377, '1729', 'MORALES GOLD TEQULIA 1.75ML', 19, '1.75L', 18.99, 7),
(378, '10074884', 'KINKY ALOHA 750ML', 18, '750ML', 18.99, 7),
(379, '3092', 'KRAKEN BLACK ROAST COFEE RUM 750', 15, '750ML', 19.49, 7),
(380, '3899', 'CALICO JACK RUM 1.75L', 16, '1.75L', 19.99, 7),
(381, '2192', 'MALIBU LIME 750ML', 16, '750ML', 19.99, 7),
(382, '10075261', 'BLUE CHAIR BAY COCONUT 750ML', 16, '750ML', 19.99, 7),
(383, '10075347', 'DEEP EDDY VODKA CRANBERY 750ML', 16, '750ML', 19.99, 7),
(384, '10075110', 'MONTEZUMA TEQ GOLD 1.75L', 19, '1.75L', 21.49, 7),
(385, '10075189', 'RONRICO RUM WHITE 1.75L', 52, '1.75L', 21.49, 7),
(386, '10074356', 'BULL AND BEAR BOURBON 750ML', 7, '750ML', 22.49, 7),
(387, '10075044', 'JIM BEAM BLACK 8YR 750ML', 7, '750ML', 23.99, 7),
(388, '10074601', 'EFFEN CUC 750ML', 16, '750ML', 27.99, 7),
(389, '2886', 'CROWN ROYAL TEXAS MESQUITE LIMITED EDITION 750ML', 9, '750ML', 31.99, 7),
(390, '3421', 'BOONDOCKS 8 YR STRAIGHT BOURBON WHISKEY 750ML', 7, '750ML', 43.99, 7),
(391, '2882', 'CROWN ROYAL RESERVE 750ML', 9, '750ML', 46.99, 7),
(392, '10074669', 'CROWN ROYAL XO 750ML', 9, '750ML', 47.99, 7),
(393, '3712', '1800 REPOSADO 1.75L', 39, '1.75L', 58.99, 7),
(394, '10074568', 'GLENLIVET 12YR 1.75L', 46, '1.75L', 99.99, 7),
(395, '2948', 'PAUL MASSON RED BERRY BRANDY 50ML', 16, '50ML', 1.04, 8),
(396, '2649', 'BERINGER WHT ZINFANDEL 750ML', 54, '750ML', 5.99, 8),
(397, '3051', 'CRANE LAKE PINOT GRIGIO 750ML', 36, '750ML', 5.99, 8),
(398, '2303', 'MCCORM TRIPLE SEC 1.0L', 50, '1.0L', 6.99, 8),
(399, '1232', 'SUTTER HOME PINK MOSCATO WINE', 29, '750ML', 7.99, 8),
(400, '2103', 'DOS EQUIS SPECIAL 6PK 12OZ BTL', 32, '6 PK 12 OZ BTL', 9.2927, 8),
(401, '1678', 'KINKY COCKTAIL PINK 6PK', 18, '6 PK 12 OZ BTL', 9.99, 8),
(402, '10074927', 'STELLA ARTOIS CIDRE 6 PK', 32, '6 PK 12 OZ BTL', 10.49, 8),
(403, '2706', 'JOIA SPARKLING GREYHOUND 4 PK', 18, '4PK 12OZ', 11.99, 8),
(404, '10074454', 'KRAKEN BLACK SPICED RUM 375ML', 48, '375ML', 12.99, 8),
(405, '2552', '360 VODKA ORANGE 750ML', 16, '750ML', 13.99, 8),
(406, '1529', 'MESSINA ANGEL  RIESLING 750ML', 40, '750ML', 16.49, 8),
(407, '10074649', 'ESTANCIA CABERNET SAUVIGNON WINE', 8, '750ML', 18.99, 8),
(408, '10075159', 'KNOB CREEK BOURBON 375ML', 7, '750ML', 19.49, 8),
(409, '3040', 'RUMHAVEN CARIBEAN RUM WITH COCONUT 750ML', 16, '750ML', 19.99, 8),
(410, '3570', 'CRAFTHOUSE PINEAPPLE DAQUIRI 750', 14, '750ML', 19.99, 8),
(411, '2170', 'CLAN MACGREGOR 1.75L', 7, '1.75L', 20.99, 8),
(412, '1663', 'ABSOLUT CITRON 750ML', 16, '750ML', 23.99, 8),
(413, '2758', 'BACARDI ANEJO 750ML', 3, '750ML', 23.99, 8),
(414, '3914', 'LAVACA BLUFFS BLACKBERRY MATAGORDA MERLOT 750ML', 28, '750ML', 23.99, 8),
(415, '3294', 'MONTEZUMA TEQ WHITE 1.75L', 52, '1.75L', 25.99, 8),
(416, '10074641', 'JUAREZ TEQUILA GOLD 1.75L', 19, '1.75L', 25.99, 8),
(417, '10074426', 'HIJOS TEQ PSTOL REPOSADO 200ML', 39, '200ML', 25.99, 8),
(418, '10075287', 'KETEL ONE GRAPEFRUIT ROSE VODKA 750ML', 16, '750ML', 26.99, 8),
(419, '10074938', 'AGAVALES SILVER TEQ 1.75L', 47, '1.75L', 29.49, 8),
(420, '10074629', 'AGAVALES ANEJO TEQUILA 750ML', 3, '750ML', 29.99, 8),
(421, '10074812', 'GLENFIDDICH 12YR TIN 750ML', 46, '750ML', 43.99, 8),
(422, '2340', 'CRAFTERS UNION PINOT GRIGIO 375ML', 35, '375ML', 5.49, 9),
(423, '1397', 'SAUZA GOLD 375ML', 19, '375ML', 9.99, 9),
(424, '2041', 'LOVE STREET KARBACH BEER 6 PACK', 23, '48 OZ', 9.99, 9),
(425, '3166', 'SHINER SEA SALT LIME 6 PK 12 OZ BOTTLE', 32, '6 PK 12 OZ BTL', 9.99, 9),
(426, '3242', 'GUINESS STOUT 6 PK 12 OZ BTL', 49, '6 PK 12 OZ BTL', 9.99, 9),
(427, '10074342', 'SHINER WEISE NEISE 6PK BOTTLE', 32, '6 PK 12 OZ BTL', 9.99, 9),
(428, '10075319', 'SHINER TX SEASONAL 6 PACK', 32, '6 PK 12 OZ BTL', 9.99, 9),
(429, '10074807', 'MICHELOB ULTRA LIME', 32, '6 PK 12 OZ BTL', 10.99, 9),
(430, '10075026', 'DARK HORSE CHARDONNAY WINE 750 ML', 11, '750ML', 12.99, 9),
(431, '2959', 'HENNESSY VS COGNAC 200ML', 13, '200ML', 13.49, 9),
(432, '10074345', 'AGAVALES GOLD TEQ 750ML', 19, '750ML', 13.99, 9),
(433, '10075283', 'DARK HORSE ROSE WINE', 41, '750ML', 13.99, 9),
(434, '1728', 'MORALES GOLD TEQ 1.0L', 19, '1.0L', 14.99, 9),
(435, '2742', 'CRUZAN PINEAPPLE RUM 750ML', 16, '750ML', 14.99, 9),
(436, '10075168', 'CAVIT PINOT GRIGO 1.5', 35, '1.5L', 15.99, 9),
(437, '10074549', 'CROWN ROYAL APPLE 375ML', 9, '375ML', 16.99, 9),
(438, '1007', 'KINKY GREEN 750ML', 18, '750ML', 18.99, 9),
(439, '10074588', 'NEW AMSTERDAM RASPBERRY VODKA 750ML', 16, '750ML', 18.99, 9),
(440, '10074690', 'BLUE CHAIR BAY KEY LIME CREAM  750ML', 16, '750ML', 19.99, 9),
(441, '1727', 'MORALES RESERVA REPOSADO W 2 GLS 750ML', 39, '750ML', 20.99, 9),
(442, '10074688', 'BLUE CHAIR BAY BANANA CREAM  750ML', 16, '750ML', 21.99, 9),
(443, '10075325', '1800 WAT MARG RTD 1.75L', 27, '1.75L', 22.99, 9),
(444, '10074553', 'DULCE VIDA LIME TEQ 750ML', 16, '750ML', 25.99, 9),
(445, '10074882', 'KETEL ONE CITROEN VODKA 750ML', 16, '750ML', 29.49, 9),
(446, '1372', 'DEEP EDDY VODKA RUBY RED 1.75L', 16, '1.75L', 29.99, 9),
(447, '2721', 'CUTTY SARK BLENDED SCOTCH WHISKEY 1.75L', 46, '1.75L', 36.99, 9),
(448, '10075017', '1800 SILVER TEQUILA 1.75L', 47, '1.75L', 45.99, 9),
(449, '10075279', 'BLANTON BOURBON SINGLE BARREL 750ml', 7, '750ML', 75.99, 9),
(450, '10075129', 'GLENFIDDICH 18 YR 750ML', 46, '750ML', 114.99, 9),
(451, '10075137', 'CAP MORGAN ORG SPCD RUM 200ML', 48, '200ML', 5.99, 10),
(452, '3252', 'ALLEGRO WHITE MOSCATO 750ML', 29, '750ML', 10.49, 10),
(453, '3897', 'CALICO JACK CHERRY 750ML', 16, '750ML', 12.49, 10),
(454, '2720', 'CW MARG TEQUILA 4 PK CAN', 27, '4PK CAN', 12.99, 10),
(455, '3256', 'CHATEAU LA PAWS CHARDONNAY', 11, '750ML', 12.99, 10),
(456, '10075199', 'JUAREZ SLIVER TEQUILA 1L', 47, '1.0L', 15.99, 10),
(457, '10074428', 'HORINITOS REPO TEQUIA 375ML', 39, '375ML', 15.99, 10),
(458, '1230', 'FRANCIS COPPOLA CLARET CAB SAUV 750', 8, '750ML', 19.49, 10),
(459, '10074265', 'CAPTAIN MORGAN ORANGE VANILLA RUM 750ML', 16, '750ML', 19.49, 10),
(460, '2329', 'BOTA BOX RED WINE BLEND 3LL', 38, '3L', 19.99, 10),
(461, '10074317', 'CRAFTHOUSE SMOKEY MARGARTA', 27, '750ML', 19.99, 10),
(462, '10075061', 'DEEP EDDY VODKA ORANGE 750ML', 16, '750ML', 19.99, 10),
(463, '1602', 'CORONA SELTZER 12PK CAN', 21, '8 PK 16 OZ CAN', 20.49, 10),
(464, '3515', 'COMPASS SCOTCH BOX 3-50ML', 46, '50ML', 21.99, 10),
(465, '3071', 'EL JIMADOR SILVER 750ML', 47, '750ML', 21.99, 10),
(466, '3445', 'FRANKLY VODKA GRAPEFRUIT 750ML', 16, '750ML', 21.99, 10),
(467, '10074439', 'JIM BEAM BOURBON KY FIRE 750ML', 7, '750ML', 21.99, 10),
(468, '10074695', 'BLUE CHAIR PINEAPPLE RUM CREAM  750ML', 16, '750ML', 21.99, 10),
(469, '10075136', 'ABSOLUT JUICE 750ML', 16, '750ML', 22.49, 10),
(470, '10075284', 'KETEL ONE VODKA 750ML', 16, '750ML', 24.99, 10),
(471, '10074336', 'J & B SCOTCH RARE 750ML', 46, '750ML', 25.99, 10),
(472, '1396', 'SAUZA GOLD 1.75L', 19, '1.75L', 34.99, 10),
(473, '1501', 'CROWN ROYAL 50ML', 9, '50ML', 2.99, 11),
(474, '2379', 'JOSH CELLAR CAB SAUV 375ML', 8, '375ML', 6.99, 11),
(475, '10074659', 'JOSH CELLAR CHARDONNAY 375ML', 11, '375ML', 6.99, 11),
(476, '2974', 'ANDRE CHAMP XTRA DRY 750ML', 10, '750ML', 6.99, 11),
(477, '1639', 'BAREFOOT PINK MOSCATO 750ML', 34, '750ML', 8.59, 11),
(478, '10074699', 'BLUE MOON 6 PK 12 OZ BTL', 51, '6 PK 12 OZ BTL', 8.99, 11),
(479, '10074679', 'CAZADORES REPOSADO 375ML', 39, '375ML', 10.49, 11),
(480, '2531', 'SMIRNOFF VANILLA VODKA 375ML', 16, '375ML', 10.99, 11),
(481, '2223', 'MICHELOB ULTRA PEAR LIME 6PK BOTTLES', 17, '6 PK 12 OZ', 10.99, 11),
(482, '10074860', '19 CRIMES HARD CHARD 750ML', 11, '750ML', 12.99, 11),
(483, '2562', '360 VODKA PEACH 750ML', 16, '750ML', 13.99, 11),
(484, '10074284', 'BULLEIT RYE MASH WHISKEY 375ML', 42, '375ML', 17.99, 11),
(485, '2191', 'MALIBU MANGO 750ML', 16, '750ML', 19.99, 11),
(486, '3222', 'GULF BREEZE SAUV BLANC 750ML', 44, '750ML', 21.49, 11),
(487, '10074962', 'FRANKLY VODKA APPLE 750ML', 16, '750ML', 21.99, 11),
(488, '10074458', 'MALIBU BLACK 750ML', 15, '750ML', 23.99, 11),
(489, '10075161', 'PATRON XO CAFE 750ML', 12, '750ML', 25.49, 11),
(490, '10074871', 'OLD CHARTER 8YR    1.75ML', 46, '1.75L', 30.49, 11),
(491, '10074715', 'BALCONES TX BOURBON POT STILL 750ML', 7, '750ML', 32.49, 11),
(492, '1980', 'CIROC SUMMER COLADA 750ML', 16, '750ML', 35.99, 11),
(493, '10075286', 'KETEL ONE VODKA 1.75L', 16, '1.75L', 42.99, 11),
(494, '1659', 'CROWN DELUXE W TEXANS/COWBOYS 1.75', 9, '1.75L', 52.99, 11),
(495, '10074370', 'PATRON TEQ ANEJO 750ML', 3, '750ML', 53.99, 11),
(496, '10074516', '1835 BOURBON 750ml', 7, '750ML', 0, 12),
(497, '10074254', 'CAPTAIN MORGAN SPICED RUM 50ML', 48, '750ML', 1.99, 12),
(498, '3706', 'LONE STAR LIGHT 6 PK 16 OZ CAN', 32, '6 PK 16 OZ CAN', 4.99, 12),
(499, '1749', 'NEW AMSTERDAM  RASEBERRY VODKA 375ML', 16, '375ML', 6.49, 12),
(500, '10074364', 'CHRIS BRO APPLE 375ML', 16, '375ML', 6.99, 12),
(501, '2995', 'HEINEKEN 6 PACK BOTTLE', 32, '6 PK 12 OZ BTL', 9.49, 12),
(502, '3234', 'GUINESS DRAUGHT 6 PK 11.2 OZ BTL', 49, '6 PK 12 OZ BTL', 9.49, 12),
(503, '2526', 'SMIRNOFF PINEAPPLE COCONUT 6 PK BOTTLE', 26, '6 PK 12 OZ', 9.99, 12),
(504, '1494', 'MESSINA BARREL CAB RSV 750ML', 8, '750ML', 12.49, 12),
(505, '10074555', 'ECCO DOMANI MERLOT 750ML', 28, '750ML', 12.49, 12),
(506, '1182', 'RUFFINO MOSCATO D\'ASTI 750ML', 29, '750ML', 13.49, 12),
(507, '10074603', 'ECCO DOMANI PINOT GRIGIO 750ML', 35, '750ML', 13.99, 12),
(508, '10074709', 'NEW AMSTERDAM BERRY VODKA 750ML', 16, '750ML', 14.99, 12),
(509, '10075053', 'KORBEL BRUT 750ML', 10, '750ML', 15.99, 12),
(510, '3896', 'CALLAWAYCAB SAUV CELLAR 750ML', 8, '750ML', 16.49, 12),
(511, '3093', 'LAMARCA PROSECCO 750ML', 37, '750ML', 16.99, 12),
(512, '10074800', 'NEW AMSTERDAM PEACH VODKA 750ML', 16, '750ML', 18.99, 12),
(513, '10075075', 'CAP MORGAN ORG SPCD 1671 750ML', 48, '750ML', 18.99, 12),
(514, '10075333', 'RONRICO RUM GOLD 1.75L', 19, '1.75L', 19.99, 12),
(515, '10075010', 'MALIBU STRAWBERRY RUM 750', 16, '750ML', 19.99, 12),
(516, '10075020', 'DEEP EDDY SWEET TEA VODKA 750ML', 16, '750ML', 19.99, 12),
(517, '2603', 'SMIRNOFF VODKA 80 PROOF 1.0L', 16, '1.0L', 21.9859, 12),
(518, '2704', 'CM PARROT BAY COCONUT 90 750ML', 16, '750ML', 21.99, 12),
(519, '1664', 'ABSOLUT MANDRIN 750ML', 16, '750ML', 23.99, 12),
(520, '1965', 'JIM BEAM BOURBON BONDED 750ML', 7, '750ML', 23.99, 12),
(521, '2605', 'SMIRNOFF VODKA 80 PROOF 1.75', 16, '1.75L', 24.99, 12),
(522, '1777', 'JIM BEAM BLACK 8YR GIFT 750ML', 7, '750ML', 24.99, 12),
(523, '2160', 'DULCE VIDA PINE/JAL TEQ 750ML', 16, '750ML', 25.99, 12),
(524, '2168', 'DULCE VIDA GRAPFRT TEQ 750ML', 16, '750ML', 25.99, 12),
(525, '3214', 'SAUZA HORNITOS REPOSADO 750ML', 39, '750ML', 27.99, 12),
(526, '10074943', 'PASSPORT SCOTCH 1.75L', 46, '1.75L', 29.99, 12),
(527, '10074809', 'CIROC PINEAPPLE 750ML', 16, '750ML', 35.99, 12),
(528, '10075250', 'HEAVEN\'S DOOR WHISKEY 750ML', 7, '750ML', 46.99, 12),
(529, '2873', 'CROWN ROYAL NOBLE COLLEC 750ML', 9, '750ML', 64.99, 12),
(530, '1002', 'HENNESSY VSOP COGNAC 750ML', 13, '750ML', 66.49, 12),
(531, '10074803', 'NEW AMSTERDAM PEACH VODKA 375ML', 16, '375ML', 6.49, 13),
(532, '2892', 'BURNETTS PINK LEMONADE 750ML', 16, '750ML', 9.99, 13),
(533, '10074680', 'MODELO ESPECIAL 6 PK 12 OZ BTL', 32, '6 PK 12 OZ BTL', 10.49, 13),
(534, '10074940', 'ALAMOS MALBEC WINE 750', 25, '750ML', 12.49, 13),
(535, '10074926', 'CARNIVOR CABERNET WINE 750ML', 8, '750ML', 12.99, 13),
(536, '10074358', 'CALYPSO COCONUT RUM 1.75ML', 16, '1.75L', 13.99, 13),
(537, '10074685', 'BLOODY BUDDY  W/VKA 4PK', 5, '4PK CAN', 15.99, 13),
(538, '10075133', 'FLOR CANA ANEJO GOLD 4YR 750ML', 19, '750ML', 15.99, 13),
(539, '10074460', 'MALIBU PINEAPPLE 750ML', 16, '750ML', 19.99, 13),
(540, '3298', 'SMIRNOFF VODKA 100 PROOF 750ML', 16, '750ML', 24.99, 13),
(541, '1820', 'FAMILA CAMARENA REPO 750ML', 39, '750ML', 28.99, 13),
(542, '10074652', 'DEEP EDDY LEMON VODKA 1.75ML', 16, '1.75L', 29.99, 13),
(543, '3271', 'REVOLVER BLOOD HONEY BREWING 6PK 12OZ BTL', 51, '6 PK 12 OZ BTL', 10.49, 14),
(544, '10075151', 'CORONA LIGHT 6 PACK 12', 32, '6 PK 12 OZ BTL', 10.49, 14),
(545, '10075196', 'JOSE CUERVO BLUE AGAVE SILVER 375ML', 47, '375ML', 12.99, 14),
(546, '10074747', 'CALYPSO SIVER RUM 1.75ML', 47, '1.75L', 13.99, 14),
(547, '2380', 'JOSH CABERNET WINE 750ML', 8, '750ML', 15.99, 14),
(548, '1366', 'BUDLIGHT SELTZER VARIETY 12 PACK', 21, '12 PK 12 OZ BTL', 17.49, 14),
(549, '10075093', 'BACARDI GOLD PET 750ML', 16, '750ML', 17.99, 14),
(550, '3958', 'CROWN ROYAL BLACK 375ML', 9, '375ML', 19.99, 14),
(551, '10075317', 'CAZADORES BLANCO 750ML', 47, '750ML', 28.99, 14),
(552, '10074744', 'CIROC APPLE 750ML', 16, '750ML', 35.99, 14),
(553, '1714', 'MR MRS T BLOODY MARY B&S 1.75ML', 5, '1.75L', 6.99, 15),
(554, '2254', 'DOS EQUIS AMBER 6 PK 12 OZ BTL', 1, '6 PK 12 OZ BTL', 9.99, 15),
(555, '2381', 'JOSH PROSECCO 750ML', 37, '750ML', 13.99, 15),
(556, '3448', 'KAHLUA RTD WHITE RUSSIAN 1.75L', 53, '1.75L', 14.99, 15),
(557, '10074859', 'BURNETTS VODKA 1.75L', 16, '1.75L', 14.99, 15),
(558, '1500', 'CROWN ROYAL 375ML', 9, '375ML', 16.99, 15),
(559, '2286', 'CIROC RED BERRY 375ML', 16, '375ML', 17.99, 15),
(560, '2490', 'PROPER 12 BOURBON 750ML', 7, '750ML', 28.99, 15),
(561, '1434', 'JIM BEAM BOURBON 4YR 1.75L', 7, '1.75L', 29.49, 15),
(562, '2530', 'SMIRNOFF ICE 6 PK 12 OZ BOTTLE', 26, '6 PK 12 OZ BTL', 9.99, 16),
(563, '10074441', 'JIM BEAM BOURBRON HONEY 750ML', 7, '750ML', 18.99, 16),
(564, '10075051', 'JIM BEAM BBN 4YR WITH ASTROS GLS SET 750ML', 7, '750ML', 19.99, 16),
(565, '3147', 'LA CREMA PINOT NOIR 750', 36, '750ML', 21.99, 16),
(566, '10075224', 'JUAREZ TEQUILA SILVER 1.75L', 47, '1.75L', 27.99, 16),
(567, '3844', 'CROWN ROYAL BLACK 750ML', 9, '750ML', 34.99, 16),
(568, '10074477', 'ABSOLUT BLUE 1.75L', 16, '1.75L', 36.49, 16),
(569, '2881', 'CROWN ROYAL RESERVE 1.75L', 9, '1.75L', 93.99, 16),
(570, '3241', 'GULF BREEZE CAB WINE 750ML', 8, '750ML', 22.99, 16),
(571, '1381', 'FRAPPACHATA MOCHA ICED COFFEE 4 pk 200ML', 12, '200ML', 3.99, 17),
(572, '10074774', 'RON RIO RUM GOLD 1.0L', 19, '1.0L', 9.99, 17),
(573, '10074658', 'GALLO CAFE ZINFANDEL 1.5L', 54, '1.5L', 10.49, 17),
(574, '2745', 'CAZADORES TEQ BLANCO 375', 47, '375ML', 10.49, 17),
(575, '3207', '19 CRIMES RED WINE BLND 750', 38, '750ML', 11.99, 17),
(576, '10075212', 'ECHO BAY SAUV BLANC 750', 44, '750ML', 14.99, 17),
(577, '3320', 'CAP MORGAN LOCO NUT 750ML', 16, '750ML', 15.99, 17),
(578, '1665', 'ABSOLUT LIME 750ML', 16, '750ML', 23.99, 17),
(579, '10075174', 'CAP MORGAN ORG SPICD RUM 1.75L', 48, '1.75L', 27.99, 17),
(580, '2045', 'LONE STAR  6 PK 12 OZ BTL', 32, '6 PK 12 OZ BTL', 6.49, 18),
(581, '1336', 'HORNITOS TEQUILA REPO 375', 39, '375ML', 13.99, 18),
(582, '1431', 'CRUZAN DARK RUM 1.75L', 15, '1.75L', 18.99, 18),
(583, '3446', 'FRANKLY VODKA POMEGRANITE 750ML', 16, '750ML', 21.99, 18),
(584, '1439', 'ABSOLUT BLUE 750ML', 16, '750ML', 23.99, 18),
(585, '10074367', 'CROWN ROYAL 750ML', 9, '750ML', 30.99, 18),
(586, '10075205', 'PATRON TEQ SILVER 750ML', 47, '750ML', 50.99, 18),
(587, '2606', 'SMIRNOFF VODKA 80 PROOF 200ML', 16, '200ML', 6.49, 19),
(588, '3830', 'CAP MORGAN ORG SPCD RUM 375ML', 48, '375ML', 9.99, 19),
(589, '2968', 'AGAVALES SILVER TEQ 750ML', 47, '750ML', 13.99, 19),
(590, '10075054', 'RON RIO RUM WHITE 1.75L', 52, '1.75L', 16.99, 19),
(591, '10074285', 'BULLEIT BOURBON 375ML', 7, '375ML', 17.99, 19),
(592, '10074564', 'FAMOUS GROUSE BLENDED SCOTCH 750ML', 46, '750ML', 22.99, 19),
(593, '10074987', 'MALIBU STRAWBERRY  1.0L', 16, '1.0L', 25.99, 19),
(594, '2877', 'CROWN ROYAL REGAL APPLE 1.75L', 9, '1.75L', 54.99, 19),
(595, '2860', 'MACALLAN 12YR 750ML', 46, '750ML', 69.99, 19),
(596, '2523', 'SMIRNOFF RASBERRY VODKA 375 ML', 16, '375ML', 10.99, 20),
(597, '10075268', 'ELECTRA RED MOSCATO WINE 750ML', 29, '750ML', 13.99, 20),
(598, '10074306', '14 HANDS MERLOT 750ML', 28, '750ML', 14.99, 20),
(599, '3169', 'PINNACLE WHIPPED VODKA 750ML', 16, '750ML', 17.99, 20),
(600, '2209', 'MALIBU COCONUT PET 1.75L', 16, '1.75L', 28.99, 20),
(601, '10074565', 'FAMOUS GROUSE 1.75L', 46, '1.75L', 41.99, 20),
(602, '1034', 'ANGELS ENVY BOURBON 750ML', 7, '750ML', 52.99, 20),
(603, '10074354', 'BRUT J. ROGET CHAMPAGNE', 10, '750ML', 6.99, 21),
(604, '1705', 'MORALES SILVER TEQUILA 1.75ML', 47, '1.75L', 18.99, 21),
(605, '10074662', 'DEEP EDDY VODKA PEACH 750ML', 16, '750ML', 19.99, 21),
(606, '10074700', 'BLUE CHAIR COCONUT SPICED RUM  CREAM 750ML', 48, '750ML', 21.99, 21),
(607, '10075342', 'ESPOLON REPOSADO 750ML', 39, '750ML', 28.99, 21),
(608, '10074627', 'CRAFTHOUSE MOSCOW MULE 200ml', 30, '200ML', 4.99, 22),
(609, '10074643', 'BACARDI GOLD 375ML', 16, '375ML', 8.49, 22),
(610, '10075281', 'BLUE CHAIR BAY COCONUT', 16, '750ML', 19.99, 22),
(611, '10074437', 'JAGERMEISTER 750ML', 22, '750ML', 24.99, 22),
(612, '10074378', 'PATRON TEQ ANEJO 375ML', 3, '375ML', 26.99, 22),
(613, '10074988', 'MAKERS MARK BOURBON 1.75L', 7, '1.75L', 57.99, 22),
(614, '1019', 'KINKY RED 750ML', 18, '750ML', 18.99, 23),
(615, '10074790', 'CANADIAN HUNTER RYE 1.75', 42, '1.75L', 19.49, 23),
(616, '10074572', 'JOSE CUERVO GOLD  ESPECIAL', 19, '750ML', 22.99, 23),
(617, '10074375', 'PATRON TEQ SILVER 375ML', 47, '375ML', 24.99, 23),
(618, '2278', 'CIROC RED BERRY 750ML', 16, '750ML', 35.99, 23),
(619, '3231', 'KAHLUA DTG WHITE RUSS 200ML SG', 53, '200ML', 1.89, 24),
(620, '10075030', 'MASSON PEACH BRANDY 200ML', 16, '200ML', 5.99, 24),
(621, '2801', 'J CUERVO ESP GOLD 200ML', 19, '200ML', 8.49, 24),
(622, '10074247', 'ZIEGENBOCK TEXAS AMBE 6 PACK 12 OZ BOTTLE', 1, '6 PK 12 OZ BTL', 9.99, 24),
(623, '10075239', 'ROBERT MONDAVI  PINOT GRIGIO WINE', 35, '750ML', 11.99, 24),
(624, '1003', 'HENNESSY VSOP COGNAC 200ML', 13, '200ML', 14.49, 24),
(625, '10074633', 'SMIRNOFF VODKA 80 PROOF 750ML', 16, '750ML', 16.99, 24),
(626, '1163', 'J CUERVO TRADNL SILVER 750ML', 47, '750ML', 27.99, 24),
(627, '1503', 'CROWN ROYAL 1.75L', 9, '1.75L', 54.99, 24),
(628, '10075101', 'JAGERMISTER COOLPACK 375ML', 22, '375ML', 13.99, 25),
(629, '2819', 'GLENFIDDICH 12YR SINGLE SCOTCH 375ML', 46, '375ML', 18.99, 25),
(630, '10074461', 'MICHELOB ULTRA 25OZ CAN', 32, '25 OZ SGL CAN', 2.99, 25),
(631, '10074623', 'HIGHLAND MIST SC 4YR 750ML', 46, '750ML', 11.49, 26),
(632, '10074687', 'BLUE CHAIR BAY VANILLA 750ML', 16, '750ML', 21.99, 26),
(633, '3506', '1800 REPOSADO 750ML', 39, '750ML', 26.99, 26),
(634, '10074989', 'MAKERS MARK BOURBON 750ML', 7, '750ML', 29.99, 26),
(635, '10074798', 'ROBERT MONDAVI BUTTERY CHARDONNAY 750ML', 11, '750ML', 8.99, 27),
(636, '2459', 'BLUE CHAIR BANANNA RUM 750ML', 16, '750ML', 19.99, 27),
(637, '1378', 'DEEP EDDY VODKA RUBY RED 750ML', 16, '750ML', 19.99, 28),
(638, '3193', 'BUCHANAN\'S SCOTCH 12YR 750ML', 46, '750ML', 38.99, 28),
(639, '10075105', 'CROWN ROYAL APPLE 200ML', 9, '200ML', 10.49, 30),
(640, '10074436', 'JAGERMEISTER 375ML', 22, '375ML', 13.99, 30),
(641, '2225', 'MALIBU COCONUT 750ML', 16, '750ML', 17.99, 30),
(642, '10074731', 'HENNESSY VS COGNAC 375ML', 13, '375ML', 20.99, 31),
(643, '1287', 'DEEP EDDY RUBY RED 50ML', 16, '50ML', 1.99, 32),
(644, '3032', '1800 COCONUT TEQ 750ML', 16, '750ML', 26.99, 32),
(645, '1614', 'JOSE CUERVO SILVER 50ML', 47, '50ML', 1.99, 33),
(646, '3095', 'KRAKEN 50ML', 15, '50ML', 1.99, 33),
(647, '3843', 'CROWN ROYAL BLACK 50ML', 9, '50ML', 3.49, 33),
(648, '10074273', 'DEEP EDDY VODKA LEMON 750ML', 16, '750ML', 19.99, 33),
(649, '2878', 'CROWN ROYAL REGAL APPLE 750ML', 9, '750ML', 30.99, 33),
(650, '10074651', 'DEAUVILLE TRIPLE SEC 1L', 50, '1.0L', 5.49, 34),
(651, '10074281', 'BUD LIGHT 25 OZ CAN', 32, '25 OZ', 2.99, 36),
(652, '1212', 'SMIRNOFF VODKA 80 PROOF 375ML', 16, '375ML', 9.99, 36),
(653, '2800', 'J CUERVO ESP GOLD 1.75L', 19, '1.75L', 39.99, 36),
(654, '10074268', 'FRAPPACHATA ICED COFFEE 100ML', 12, '100ML', 1.49, 38),
(655, '10074772', 'CROWN ROYAL VANILLA 50ML', 9, '50ML', 2.99, 38),
(656, '10074372', 'PATRON TEQ SILVER 200ML', 47, '200ML', 16.99, 38),
(657, '10074878', 'KENTUCKY TAVERN BOURBON 1.75L', 7, '1.75L', 18.99, 38),
(658, '3303', 'JUAREZ TEQUILA GOLD 1L', 19, '1.0L', 12.99, 39),
(659, '10074283', 'BULLEIT BOURBON 750ML', 7, '750ML', 32.99, 39),
(660, '10075126', 'DEEP EDDY LEMON VODKA 50ML', 16, '50ML', 1.99, 40),
(661, '10074758', 'KJ CHARDONNAY 750ML', 11, '750ML', 13.99, 40),
(662, '3507', '1800 SILVER TEQUILA 375ML', 47, '375ML', 17.49, 40),
(663, '10075077', '1800 SILVER TEQUILA 750 ML', 47, '750ML', 28.99, 41),
(664, '10074634', 'PATRON TEQ SILVER 50ML', 47, '50ML', 5.99, 42),
(665, '1502', 'CROWN ROYAL 1.0L', 9, '1.0L', 39.99, 42),
(666, '10074696', 'BLUE CHAIR KEYLIME RUM CREAM 50ML', 16, '50ML', 1.49, 43),
(667, '10075219', 'NEW AMSTERDAM GRAPEFRUIT VODKA 50ML', 16, '50ML', 0.99, 44),
(668, '10075248', 'BLUE CHAIR COCONUT RUM 50ML', 16, '50ML', 1.49, 46),
(669, '10074667', '19 CRIMESCAB WINE 750ML', 8, '750ML', 12.99, 46),
(670, '10074322', 'MILLER LITE 24 OZ', 32, 'EACH', 2.99, 47),
(671, '10074401', 'EXOTICO BLANCO TEQ 50ML', 47, '50ML', 0.99, 48),
(672, '10074814', 'CROWN ROYAL VANILLA 6PK 50ML', 9, '50ML', 2.99, 48),
(673, '10074438', 'JAGERMEISTER 50ML', 22, '50ML', 2.99, 49),
(674, '1747', 'NEW AMSTERDAM APPLE VODKA 50ML', 16, '50ML', 0.99, 50),
(675, '10074844', 'JIM BEAM BOURBON 4YR 375ML', 7, '375ML', 10.99, 50),
(676, '3109', 'KRAKEN BLACK SPICED RUM 750ML', 48, '750ML', 21.99, 50),
(677, '10074548', 'CROWN ROYAL APPLE 50ML', 9, '50ML', 2.99, 51),
(678, '10074249', 'CAPT MORGAN SPICED RUM 1.75', 48, '1.75L', 26.99, 51),
(679, '2856', 'CROWN ROYAL VANILLA 375ML', 9, '375ML', 16.99, 53),
(680, '10074818', 'NEW AMSTERDAM MANGO VODKA 50ML', 16, '50ML', 0.99, 54),
(681, '3050', 'CROWN DELUXE 200ML', 9, '200ML', 10.49, 54),
(682, '3444', 'FRANKLY VODKA STRAWBERRY 750ML', 16, '750ML', 21.99, 54),
(683, '2859', 'CROWN ROYAL VANILLA 200ML', 9, '200ML', 10.49, 59),
(684, '10074897', 'CROWN ROYAL VANILLA 750ML', 9, '750ML', 30.99, 59),
(685, '1390', 'SAM BOSTON LAGER 6 PACK 12 OZ BOTTLE', 1, '6 PK 12 OZ BTL', 10.49, 60),
(686, '1433', 'JIM BEAM BOURBON 4YR 200ML', 7, '200ML', 6.99, 76),
(687, '2558', '99 Root beer VODKA 50ML', 16, '50ML', 0.99, 80),
(688, '10074689', 'BLUE CHAIR BANANNA RUM CREAM 50ML', 16, '50ML', 1.49, 80),
(689, '10074530', 'BACARDI LIME RUM 50ML', 16, '50ML', 1.99, 85),
(690, '3041', 'RUM HAVEN COCONUT 50ML', 16, '50ML', 1.04, 90),
(691, '1422', 'JIM BEAM BOURBON 4YR 750ML', 7, '750ML', 19.99, 92),
(692, '10075247', 'BLUE CHAIR COCONUT RUM CREAM 50ML', 16, '50ML', 1.49, 97),
(693, '1376', 'PUERTO VALLARATA GOLD TEQUILA', 19, '50ML', 1.49, 103),
(694, '2213', 'MALIBU COCO W/PINAPL JUC 1.75L', 16, '1.75L', 28.99, 118),
(695, '10074574', 'SAUZA GOLD TEQUILA 50ML', 19, '50ML', 1.49, 120),
(696, '10075278', 'BLUE CHAIR BANANNA RUM 50ML', 16, '5.0L', 1.49, 123),
(697, '1711', 'NEW AMSTERDAM PINEAPPLE VODKA 50ML', 16, '50ML', 0.99, 143),
(698, '3053', 'CROWN PEACH 750ML', 9, '750ML', 31.99, 198),
(699, '10074698', 'BLUE CHAIR PINEAPPLE CREAM 50ML', 16, '50ML', 1.49, 225);



USE hilltop_db;

# PRODUCTS_TYPES
INSERT INTO `product_type` (`id`, `name`)
VALUES
(1, 'BEER'),
(2, 'LIQUOR'),
(3, 'WINE'),
(4, 'NON ALCOHOL'),
(5, 'SNACKS'),
(6, 'MISC ITEMS');

# CATEGORIES
INSERT INTO `cat` (`id`, `name`, `product_types_id`)
VALUES
(1, 'ALE', 1),
(2, 'BOTTLE OPENER', 6),
(3, 'BRANDY', 2),
(4, 'CIDER', 1),
(5, 'CORKSCREW', 6),
(6, 'CUPS', 6),
(7, 'DRINKS', 4),
(8, 'FLASK', 6),
(9, 'FRUIT', 3),
(10, 'GIFTS', 6),
(11, 'GIN', 2),
(12, 'IPA', 1),
(13, 'JUICE', 4),
(14, 'KOOZIES', 6),
(15, 'LAGER', 1),
(16, 'LIQUEUR', 2),
(17, 'MEAD', 3),
(18, 'MEZCAL', 2),
(19, 'MISC ITEMS', 6),
(20, 'MIXERS', 4),
(21, 'MOONSHINE', 2),
(22, 'NON ALCOHOL', 4),
(23, 'PICKLE', 4),
(24, 'PINK', 3),
(25, 'POURER', 6),
(26, 'RED', 3),
(27, 'RTD', 6),
(28, 'RUM', 2),
(29, 'SANGRIA', 3),
(30, 'SHOT GLASS', 6),
(31, 'SNACKS', 5),
(32, 'SPARKLING', 3),
(33, 'SPECIALTY BEER', 1),
(34, 'SYRUP', 6),
(35, 'TEQUILA', 2),
(36, 'TREATS', 5),
(37, 'VODKA', 2),
(38, 'WHISKEY', 2),
(39, 'WHITE', 3),
(40, 'WINE', 3),
(41, 'WINE OPENER', 6);

USE hilltop_db;

# SUB_CATEGORIES
INSERT INTO `sub_category` (`id`, `name`, `categories_id`)
VALUES
(1, 'AMBER', 1),
(2, 'AMERICAN', 38),
(3, 'ANEJO', 35),
(4, 'BLANCO', 28),
(5, 'BLOODY MARY', 20),
(6, 'BOCK', 1),
(7, 'BOURBON', 38),
(8, 'CABERNET SAUVIGNON', 26),
(9, 'CANADIAN', 38),
(10, 'CHAMPAGNE', 32),
(11, 'CHARDONNAY', 39),
(12, 'COFFEE', 16),
(13, 'COGNAC', 3),
(14, 'DAQUIRI', 27),
(15, 'DARK', 28),
(16, 'FLAVORED', 37),
(17, 'FRUIT BEER', 9),
(18, 'FRUIT COCKTAIL', 9),
(19, 'GOLD', 35),
(20, 'HARD ICED TEA', 33),
(21, 'HARD SELTZER', 33),
(22, 'HERBAL / SPICE', 16),
(23, 'KOLSH', 15),
(24, 'LONDON DRY', 11),
(25, 'MALBEC', 26),
(26, 'MALT LIQUOR', 38),
(27, 'MARGARITA', 27),
(28, 'MERLOT', 26),
(29, 'MOSCATO', 27),
(30, 'MOSCOW MULE', 27),
(31, 'MUD SLIDES', 27),
(32, 'PALE LAGER', 15),
(33, 'PINA COLADA', 27),
(34, 'PINK MOSCATO', 24),
(35, 'PINOT GRIGIO', 39),
(36, 'PINOT NOIR', 39),
(37, 'PROSECCO', 32),
(38, 'RED BLENDS', 26),
(39, 'REPOSADO', 35),
(40, 'RIESLING', 39),
(41, 'ROSE', 24),
(42, 'RYE', 38),
(43, 'SANGRIA', 40),
(44, 'SAUVIGNON BLANC', 39),
(45, 'SCHNAPPS', 16),
(46, 'SCOTCH', 38),
(47, 'SILVER / BLANCO', 35),
(48, 'SPICED', 28),
(49, 'STOUT', 1),
(50, 'TRIPLE SEC', 16),
(51, 'WHEAT ALE', 1),
(52, 'WHITE', 40),
(53, 'WHITE RUSSIAN', 27),
(54, 'WHITE ZINFADEL', 24);
